Time (s),Supply Voltage (V),Power (W),J1 Angle (deg),J2 Angle (deg),J3 Angle (deg),J4 Angle (deg),J5 Angle (deg),J6 Angle (deg),J1 X (mm),J1 Y (mm),J1 Z (mm),J2 X (mm),J2 Y (mm),J2 Z (mm),J3 X (mm),J3 Y (mm),J3 Z (mm),J4 X (mm),J4 Y (mm),J4 Z (mm),J5 X (mm),J5 Y (mm),J5 Z (mm),J6 X (mm),J6 Y (mm),J6 Z (mm),J1 Current (mA),J2 Current (mA),J3 Current (mA),J4 Current (mA),J5 Current (mA),J6 Current (mA),J1 Velocity (deg/s),J2 Velocity (deg/s),J3 Velocity (deg/s),J4 Velocity (deg/s),J5 Velocity (deg/s),J6 Velocity (deg/s),J1 Accel (deg/s^2),J2 Accel (deg/s^2),J3 Accel (deg/s^2),J4 Accel (deg/s^2),J5 Accel (deg/s^2),J6 Accel (deg/s^2)
0.0,24.0,20.184,-0.09,-57.06,128.17,1.18,8.05,-0.15,0.0,0.0,150.0,0.0,0.0,150.0,-200.578,0.315,279.959,25.549,-0.04,357.336,87.049,-0.137,378.379,150.888,-0.05,390.606,9.0,130.0,654.0,0.0,48.0,0.0,0.0,0.0,0.0,0.0,0.0,0.0,0.0,0.0,-0.0,0.0,0.0,-0.0
0.057,24.0,20.064,-0.09,-57.06,128.17,1.18,8.05,-0.15,0.0,0.0,150.0,0.0,0.0,150.0,-200.578,0.315,279.959,25.549,-0.04,357.336,87.049,-0.137,378.379,150.888,-0.05,390.606,9.0,125.0,654.0,0.0,48.0,0.0,0.0,0.0,-0.0,0.0,0.0,-0.0,0.0,0.0,-0.0,0.0,0.0,-0.0
0.181,24.0,20.232,-0.09,-57.06,128.17,1.18,8.05,-0.15,0.0,0.0,150.0,0.0,0.0,150.0,-200.578,0.315,279.959,25.549,-0.04,357.336,87.049,-0.137,378.379,150.888,-0.05,390.606,9.0,132.0,654.0,0.0,48.0,0.0,0.0,-0.0,0.0,0.0,0.0,0.0,-0.0,-0.0,0.0,-0.0,-0.0,0.0
0.271,24.0,20.088,-0.09,-57.06,128.17,1.18,8.05,-0.15,0.0,0.0,150.0,0.0,0.0,150.0,-200.578,0.315,279.959,25.549,-0.04,357.336,87.049,-0.137,378.379,150.888,-0.05,390.606,9.0,126.0,654.0,0.0,48.0,0.0,0.0,-0.0,0.0,-0.0,0.0,0.0,0.0,0.0,-0.0,0.0,-0.0,0.0
0.351,24.0,20.184,-0.09,-57.06,128.17,1.18,8.05,-0.15,0.0,0.0,150.0,0.0,0.0,150.0,-200.578,0.315,279.959,25.549,-0.04,357.336,87.049,-0.137,378.379,150.888,-0.05,390.606,9.0,130.0,654.0,0.0,48.0,0.0,0.0,0.0,-0.0,0.0,-0.0,0.0,0.0,0.0,-0.0,0.0,-0.0,0.0
0.435,24.0,20.136,-0.09,-57.06,128.17,1.18,8.05,-0.15,0.0,0.0,150.0,0.0,0.0,150.0,-200.578,0.315,279.959,25.549,-0.04,357.336,87.049,-0.137,378.379,150.888,-0.05,390.606,9.0,128.0,654.0,0.0,48.0,0.0,0.0,0.0,0.0,0.0,0.0,0.0,0.0,-0.0,0.0,0.0,0.0,0.0
0.519,24.0,27.384,-0.09,-57.06,128.17,1.18,8.05,-0.15,0.0,0.0,150.0,0.0,0.0,150.0,-200.578,0.315,279.959,25.549,-0.04,357.336,87.049,-0.137,378.379,150.888,-0.05,390.606,9.0,391.0,654.0,0.0,87.0,0.0,0.0,0.0,0.0,0.0,-0.0,0.0,-0.0,-0.0,0.0,0.0,0.0,-0.0
0.614,24.0,26.136,-0.09,-57.06,128.17,1.18,8.05,-0.15,0.0,0.0,150.0,0.0,0.0,150.0,-200.578,0.315,279.959,25.549,-0.04,357.336,87.049,-0.137,378.379,150.888,-0.05,390.606,9.0,242.0,654.0,0.0,184.0,0.0,-0.0,-0.0,0.0,0.0,0.0,-0.0,0.0,0.0,-0.0,-0.0,-0.0,0.0
0.707,24.0,24.432,-0.09,-57.06,128.17,1.18,8.05,-0.15,0.0,0.0,150.0,0.0,0.0,150.0,-200.578,0.315,279.959,25.549,-0.04,357.336,87.049,-0.137,378.379,150.888,-0.05,390.606,9.0,209.0,654.0,0.0,146.0,0.0,0.0,0.0,-0.0,-0.0,-0.0,0.0,0.0,0.0,-0.0,-0.0,0.0,0.0
0.803,24.0,24.648,-0.09,-57.06,128.17,1.18,8.05,-0.15,0.0,0.0,150.0,0.0,0.0,150.0,-200.578,0.315,279.959,25.549,-0.04,357.336,87.049,-0.137,378.379,150.888,-0.05,390.606,48.0,189.0,654.0,0.0,136.0,0.0,-0.0,-0.0,0.0,0.0,0.0,-0.0,-0.0,-0.0,0.0,0.0,0.0,-0.0
0.896,24.0,25.584,-0.09,-57.06,128.17,1.18,8.05,-0.15,0.0,0.0,150.0,0.0,0.0,150.0,-200.578,0.315,279.959,25.549,-0.04,357.336,87.049,-0.137,378.379,150.888,-0.05,390.606,42.0,239.0,654.0,0.0,131.0,0.0,-0.0,-0.0,0.0,0.0,0.0,-0.0,0.0,0.0,-0.0,-0.0,-0.0,0.0
0.986,24.0,24.96,-0.09,-57.06,128.17,1.18,8.05,-0.15,0.0,0.0,150.0,0.0,0.0,150.0,-200.578,0.315,279.959,25.549,-0.04,357.336,87.049,-0.137,378.379,150.888,-0.05,390.606,39.0,218.0,654.0,0.0,129.0,0.0,0.0,0.0,0.0,0.0,0.0,0.0,-0.0,-0.0,-0.0,0.0,0.0,-0.0
1.074,24.0,24.744,-0.09,-57.06,128.17,1.18,8.05,-0.15,0.0,0.0,150.0,0.0,0.0,150.0,-200.578,0.315,279.959,25.549,-0.04,357.336,87.049,-0.137,378.379,150.888,-0.05,390.606,39.0,216.0,654.0,0.0,122.0,0.0,-0.0,-0.0,0.0,0.0,0.0,-0.0,0.0,-0.0,0.0,0.0,-0.0,0.0
1.164,24.0,24.72,-0.09,-57.06,128.17,1.18,8.05,-0.15,0.0,0.0,150.0,0.0,0.0,150.0,-200.578,0.315,279.959,25.549,-0.04,357.336,87.049,-0.137,378.379,150.888,-0.05,390.606,39.0,214.0,654.0,0.0,123.0,0.0,0.0,0.0,0.0,0.0,-0.0,0.0,-0.0,0.0,0.0,-0.0,-0.0,-0.0
1.251,24.0,24.744,-0.09,-57.06,128.17,1.18,8.05,-0.15,0.0,0.0,150.0,0.0,0.0,150.0,-200.578,0.315,279.959,25.549,-0.04,357.336,87.049,-0.137,378.379,150.888,-0.05,390.606,39.0,214.0,654.0,0.0,124.0,0.0,-0.0,0.0,0.0,0.0,0.0,-0.0,0.0,0.346,-0.0,0.0,0.346,0.0
1.337,24.0,31.08,-0.09,-57.06,128.17,1.18,8.05,-0.15,0.0,0.0,150.0,0.0,0.0,150.0,-200.578,0.315,279.959,25.549,-0.04,357.336,87.049,-0.137,378.379,150.888,-0.05,390.606,68.0,449.0,654.0,0.0,124.0,0.0,0.0,0.059,-0.0,0.0,0.059,0.0,0.696,1.036,-0.348,0.0,1.036,0.0
1.422,24.0,47.064,-0.09,-57.05,128.17,1.18,8.06,-0.15,0.0,0.0,150.0,0.0,0.0,150.0,-200.556,0.315,279.994,25.586,-0.04,357.331,87.088,-0.137,378.364,150.932,-0.049,390.568,261.0,575.0,761.0,0.0,364.0,0.0,0.118,0.176,-0.059,0.0,0.176,0.0,1.41,1.062,-0.705,0.0,1.427,-0.0
1.507,24.0,48.912,-0.07,-57.03,128.16,1.18,8.08,-0.15,0.0,0.0,150.0,0.0,0.0,150.0,-200.51,0.245,280.064,25.644,-0.031,357.362,87.151,-0.106,378.384,151.001,0.004,390.555,73.0,715.0,1039.0,0.0,211.0,0.0,0.24,0.24,-0.12,0.0,0.302,0.0,1.362,1.022,-0.341,0.0,1.387,0.0
1.589,24.0,35.256,-0.05,-57.01,128.15,1.18,8.11,-0.15,0.0,0.0,150.0,0.0,0.0,150.0,-200.465,0.175,280.134,25.703,-0.022,357.392,87.214,-0.076,378.404,151.072,0.057,390.53,83.0,425.0,794.0,63.0,104.0,0.0,0.346,0.346,-0.118,0.0,0.409,0.0,0.963,1.28,0.032,0.0,0.941,0.0
1.677,24.0,39.504,-0.01,-56.97,128.14,1.18,8.15,-0.15,0.0,0.0,150.0,0.0,0.0,150.0,-200.374,0.035,280.274,25.835,-0.005,357.414,87.356,-0.015,378.393,151.229,0.163,390.441,69.0,516.0,890.0,28.0,143.0,0.0,0.399,0.457,-0.114,0.0,0.457,0.0,1.429,1.765,-0.563,0.0,2.009,-0.0
1.764,24.0,39.456,0.02,-56.93,128.13,1.18,8.19,-0.15,0.0,0.0,150.0,0.0,0.0,150.0,-200.283,-0.07,280.414,25.966,0.009,357.435,87.498,0.031,378.382,151.386,0.244,390.352,70.0,597.0,768.0,37.0,172.0,0.0,0.594,0.653,-0.215,0.0,0.757,-0.0,2.94,2.641,-1.196,-0.298,4.16,-0.0
1.857,24.0,36.648,0.1,-56.85,128.1,1.18,8.29,-0.15,0.0,0.0,150.0,0.0,0.0,150.0,-200.1,-0.349,280.693,26.215,0.046,357.517,87.766,0.153,378.411,151.685,0.458,390.213,11.0,545.0,612.0,290.0,69.0,0.0,0.937,0.937,-0.33,-0.057,1.215,0.0,1.262,1.273,-0.644,-0.295,2.205,0.0
1.946,24.0,38.448,0.19,-56.76,128.07,1.17,8.41,-0.15,0.0,0.0,150.0,0.0,0.0,150.0,-199.894,-0.663,281.007,26.501,0.088,357.594,88.073,0.292,378.423,152.028,0.698,390.025,17.0,594.0,759.0,155.0,77.0,0.0,0.843,0.899,-0.337,-0.056,1.18,-0.0,-0.879,0.059,-0.029,0.323,-1.485,-0.0
2.035,24.0,47.952,0.25,-56.69,128.04,1.17,8.5,-0.15,0.0,0.0,150.0,0.0,0.0,150.0,-199.733,-0.872,281.251,26.715,0.117,357.68,88.301,0.385,378.466,152.282,0.861,389.923,58.0,685.0,893.0,97.0,265.0,0.0,0.781,0.948,-0.335,0.0,0.95,0.0,1.046,1.373,-0.242,0.317,-0.253,0.0
2.125,24.0,50.808,0.33,-56.59,128.01,1.17,8.58,-0.15,0.0,0.0,150.0,0.0,0.0,150.0,-199.502,-1.149,281.6,27.037,0.156,357.752,88.648,0.511,378.463,152.658,1.077,389.752,356.0,756.0,756.0,101.0,144.0,4.0,1.033,1.146,-0.381,0.0,1.139,-0.0,3.823,3.246,-1.28,-0.325,4.748,0.0
2.218,24.0,51.648,0.44,-56.48,127.97,1.17,8.71,-0.15,0.0,0.0,150.0,0.0,0.0,150.0,-199.247,-1.53,281.982,27.383,0.21,357.858,89.018,0.684,378.493,153.066,1.376,389.559,241.0,811.0,737.0,124.0,220.0,19.0,1.487,1.548,-0.574,-0.061,1.835,0.0,2.865,3.287,-1.054,-0.304,4.829,-0.0
2.303,24.0,58.104,0.59,-56.32,127.91,1.16,8.9,-0.15,0.0,0.0,150.0,0.0,0.0,150.0,-198.873,-2.048,282.538,27.883,0.287,358.018,89.553,0.922,378.546,153.654,1.786,389.287,606.0,825.0,609.0,94.0,230.0,57.0,1.574,1.747,-0.584,-0.06,2.039,-0.0,-1.094,-0.426,0.583,0.35,-1.067,-0.0
2.39,24.0,53.04,0.71,-56.18,127.87,1.16,9.06,-0.15,0.0,0.0,150.0,0.0,0.0,150.0,-198.544,-2.46,283.024,28.339,0.351,358.108,90.043,1.116,378.528,154.19,2.118,388.978,357.0,742.0,681.0,108.0,263.0,59.0,1.29,1.464,-0.471,-0.0,1.638,0.0,1.273,0.936,-0.085,-0.018,0.987,-0.0
2.473,24.0,45.984,0.81,-56.07,127.83,1.16,9.18,-0.15,0.0,0.0,150.0,0.0,0.0,150.0,-198.283,-2.803,283.405,28.685,0.406,358.211,90.413,1.278,378.556,154.592,2.396,388.794,284.0,650.0,660.0,121.0,123.0,78.0,1.755,1.874,-0.588,-0.057,2.163,-0.0,4.357,4.317,-1.619,-0.36,5.358,-0.0
2.559,24.0,53.616,1.01,-55.86,127.77,1.15,9.43,-0.15,0.0,0.0,150.0,0.0,0.0,150.0,-197.782,-3.487,284.131,29.369,0.518,358.343,91.146,1.607,378.526,155.391,2.953,388.315,213.0,674.0,791.0,126.0,304.0,126.0,2.019,2.19,-0.746,-0.059,2.537,-0.0,0.489,0.797,-0.584,-0.004,0.469,0.0
2.647,24.0,47.064,1.16,-55.69,127.7,1.15,9.62,-0.15,0.0,0.0,150.0,0.0,0.0,150.0,-197.374,-3.997,284.717,29.895,0.605,358.533,91.705,1.857,378.608,155.994,3.377,388.072,76.0,662.0,583.0,116.0,378.0,146.0,1.83,2.001,-0.684,-0.058,2.229,0.0,-0.283,-0.266,0.287,0.01,-0.247,0.0
2.734,24.0,47.232,1.33,-55.51,127.65,1.14,9.82,-0.15,0.0,0.0,150.0,0.0,0.0,150.0,-196.937,-4.572,285.337,30.484,0.708,358.636,92.335,2.144,378.571,156.673,3.858,387.664,87.0,361.0,675.0,124.0,536.0,185.0,1.965,2.14,-0.695,-0.057,2.488,0.0,4.92,5.202,-1.878,0.059,6.972,0.279
2.82,24.0,60.144,1.5,-55.32,127.58,1.14,10.05,-0.15,0.0,0.0,150.0,0.0,0.0,150.0,-196.473,-5.145,285.989,31.085,0.814,358.812,92.973,2.435,378.617,157.359,4.346,387.317,334.0,710.0,858.0,141.0,249.0,214.0,2.674,2.894,-1.006,-0.048,3.428,0.048,4.714,4.911,-1.73,0.04,5.934,0.314
2.918,24.0,62.76,1.84,-54.96,127.46,1.13,10.47,-0.14,0.0,0.0,150.0,0.0,0.0,150.0,-195.581,-6.283,287.221,32.24,1.036,359.09,94.2,3.026,378.636,158.67,5.33,386.593,263.0,780.0,897.0,78.0,305.0,292.0,2.742,2.944,-0.965,-0.052,3.451,0.052,-0.249,-0.296,0.204,-0.049,-0.577,-0.235
3.018,24.0,56.88,2.04,-54.74,127.39,1.13,10.73,-0.14,0.0,0.0,150.0,0.0,0.0,150.0,-195.03,-6.947,287.972,32.952,1.174,359.243,94.955,3.382,378.627,159.471,5.919,386.123,192.0,701.0,811.0,78.0,256.0,332.0,2.621,2.832,-0.966,-0.058,3.31,-0.0,-2.38,-2.286,0.495,-0.33,-2.963,-0.246
3.109,24.0,51.864,2.33,-54.43,127.28,1.12,11.09,-0.14,0.0,0.0,150.0,0.0,0.0,150.0,-194.243,-7.903,289.026,33.941,1.381,359.501,96.0,3.906,378.667,160.572,6.778,385.532,143.0,899.0,482.0,27.0,256.0,354.0,2.308,2.527,-0.879,-0.11,2.912,0.0,-3.837,-4.087,1.687,0.014,-4.903,0.0
3.2,24.0,59.784,2.46,-54.28,127.23,1.11,11.26,-0.14,0.0,0.0,150.0,0.0,0.0,150.0,-193.86,-8.329,289.534,34.425,1.479,359.61,96.511,4.146,378.669,161.108,7.168,385.228,250.0,679.0,817.0,64.0,281.0,400.0,1.923,2.088,-0.659,-0.055,2.418,0.0,2.827,2.84,-0.648,0.297,3.462,-0.0
3.291,24.0,53.136,2.68,-54.05,127.16,1.11,11.53,-0.14,0.0,0.0,150.0,0.0,0.0,150.0,-193.266,-9.047,290.312,35.174,1.646,359.75,97.303,4.555,378.635,161.935,7.832,384.709,73.0,659.0,715.0,94.0,275.0,398.0,2.822,3.044,-0.997,-0.056,3.542,-0.0,7.354,8.31,-2.54,-0.321,9.908,0.0
3.381,24.0,59.904,2.97,-53.73,127.05,1.1,11.9,-0.14,0.0,0.0,150.0,0.0,0.0,150.0,-192.432,-9.984,291.39,36.204,1.878,359.99,98.385,5.104,378.646,163.058,8.718,384.065,166.0,672.0,962.0,128.0,168.0,400.0,3.259,3.596,-1.121,-0.112,4.216,0.0,-1.669,-1.669,0.558,0.007,-1.628,0.0
3.469,24.0,49.488,3.26,-53.41,126.96,1.09,12.28,-0.14,0.0,0.0,150.0,0.0,0.0,150.0,-191.588,-10.913,292.464,37.258,2.122,360.144,99.497,5.667,378.551,164.204,9.616,383.279,422.0,416.0,465.0,137.0,222.0,400.0,2.551,2.778,-0.905,-0.057,3.289,0.0,-6.767,-7.732,1.922,0.326,-9.025,-0.0
3.558,24.0,49.512,3.42,-53.24,126.89,1.09,12.48,-0.14,0.0,0.0,150.0,0.0,0.0,150.0,-191.134,-11.422,293.033,37.793,2.259,360.313,100.053,5.979,378.61,164.773,10.115,383.0,174.0,633.0,384.0,135.0,332.0,405.0,2.064,2.231,-0.782,-0.055,2.621,-0.0,4.116,4.4,-1.489,-0.301,4.658,0.0
3.648,24.0,42.216,3.63,-53.01,126.82,1.08,12.75,-0.14,0.0,0.0,150.0,0.0,0.0,150.0,-190.516,-12.086,293.8,38.545,2.445,360.439,100.842,6.397,378.563,165.577,10.775,382.465,64.0,514.0,383.0,125.0,253.0,420.0,3.307,3.587,-1.178,-0.112,4.147,0.0,6.91,7.539,-2.197,0.002,8.486,0.317
3.737,24.0,54.816,4.01,-52.6,126.68,1.07,13.22,-0.14,0.0,0.0,150.0,0.0,0.0,150.0,-189.4,-13.277,295.163,39.87,2.795,360.719,102.224,7.166,378.548,166.973,11.983,381.613,182.0,771.0,698.0,92.0,147.0,394.0,3.315,3.596,-1.18,-0.056,4.157,0.056,-5.665,-6.008,2.312,0.337,-6.694,0.324
3.826,24.0,56.592,4.22,-52.37,126.61,1.07,13.49,-0.13,0.0,0.0,150.0,0.0,0.0,150.0,-188.768,-13.928,295.924,40.624,2.998,360.838,103.011,7.601,378.493,167.762,12.663,381.07,258.0,590.0,844.0,116.0,213.0,337.0,2.299,2.517,-0.766,-0.052,2.955,0.058,-5.856,-6.519,2.198,0.02,-7.286,-0.29
3.92,24.0,45.264,4.43,-52.14,126.54,1.06,13.76,-0.13,0.0,0.0,150.0,0.0,0.0,150.0,-188.13,-14.575,296.682,41.378,3.206,360.954,103.797,8.041,378.434,168.546,13.345,380.524,146.0,576.0,540.0,125.0,111.0,388.0,2.3,2.46,-0.803,-0.053,2.888,0.0,2.197,2.153,-1.281,0.078,2.299,-0.305
4.013,24.0,50.856,4.65,-51.91,126.46,1.06,14.03,-0.13,0.0,0.0,150.0,0.0,0.0,150.0,-187.484,-15.249,297.439,42.121,3.426,361.108,104.566,8.505,378.424,169.308,14.063,380.037,288.0,704.0,498.0,105.0,172.0,352.0,2.705,2.915,-1.004,-0.037,3.379,0.0,0.495,0.795,-0.326,-0.145,0.821,-0.0
4.131,24.0,48.168,5.02,-51.5,126.32,1.05,14.5,-0.13,0.0,0.0,150.0,0.0,0.0,150.0,-186.326,-16.367,298.781,43.45,3.817,361.364,105.942,9.306,378.384,170.661,15.29,379.158,163.0,692.0,499.0,217.0,174.0,262.0,2.186,2.396,-0.767,-0.101,2.808,-0.0,-0.727,-0.629,0.364,0.056,-0.205,0.0
4.219,24.0,52.992,5.15,-51.36,126.28,1.04,14.67,-0.13,0.0,0.0,150.0,0.0,0.0,150.0,-185.926,-16.757,299.238,43.912,3.958,361.418,106.421,9.591,378.329,171.129,15.723,378.796,152.0,634.0,709.0,223.0,227.0,263.0,2.363,2.588,-0.843,-0.057,3.094,0.0,6.223,6.308,-2.282,0.263,7.452,0.0
4.308,24.0,62.616,5.44,-51.04,126.17,1.04,15.05,-0.13,0.0,0.0,150.0,0.0,0.0,150.0,-185.006,-17.619,300.278,44.95,4.281,361.612,107.49,10.237,378.292,172.167,16.704,378.091,371.0,696.0,724.0,202.0,321.0,295.0,3.296,3.52,-1.174,-0.055,4.136,0.0,3.027,3.086,-1.039,-0.317,2.795,0.0
4.398,24.0,55.368,5.74,-50.73,126.07,1.03,15.41,-0.13,0.0,0.0,150.0,0.0,0.0,150.0,-184.099,-18.505,301.281,45.961,4.62,361.768,108.529,10.909,378.218,173.166,17.718,377.37,436.0,725.0,489.0,224.0,184.0,249.0,2.89,3.125,-1.024,-0.114,3.576,0.0,-4.897,-4.496,1.718,0.013,-5.312,0.0
4.483,24.0,62.448,5.95,-50.49,125.99,1.02,15.68,-0.13,0.0,0.0,150.0,0.0,0.0,150.0,-183.398,-19.114,302.055,46.742,4.872,361.896,109.333,11.395,378.17,173.936,18.442,376.835,450.0,586.0,784.0,214.0,349.0,219.0,2.443,2.735,-0.874,-0.06,3.197,0.0,-2.497,-2.84,0.959,0.339,-2.789,-0.0
4.57,24.0,54.144,6.16,-50.26,125.92,1.02,15.96,-0.13,0.0,0.0,150.0,0.0,0.0,150.0,-182.719,-19.721,302.794,47.498,5.126,361.988,110.109,11.884,378.087,174.673,19.172,376.252,188.0,593.0,760.0,191.0,282.0,242.0,2.471,2.644,-0.862,-0.057,3.103,0.0,2.454,2.053,-0.805,-0.308,2.286,-0.0
4.657,24.0,51.744,6.38,-50.03,125.84,1.01,16.22,-0.13,0.0,0.0,150.0,0.0,0.0,150.0,-182.031,-20.354,303.53,48.242,5.394,362.118,110.868,12.397,378.052,175.389,19.933,375.753,322.0,449.0,671.0,185.0,284.0,245.0,2.87,3.092,-1.014,-0.113,3.595,0.0,0.413,0.704,-0.248,-0.006,0.957,0.0
4.747,24.0,51.864,6.67,-49.71,125.74,1.0,16.6,-0.13,0.0,0.0,150.0,0.0,0.0,150.0,-181.071,-21.175,304.551,49.29,5.764,362.249,111.941,13.091,377.941,176.395,20.954,374.961,316.0,486.0,579.0,218.0,319.0,243.0,2.519,2.741,-0.897,-0.055,3.244,0.0,-4.779,-5.132,1.396,0.34,-5.829,0.0
4.834,24.0,53.112,6.83,-49.54,125.68,1.0,16.8,-0.13,0.0,0.0,150.0,0.0,0.0,150.0,-180.555,-21.626,305.091,49.84,5.969,362.344,112.499,13.474,377.914,176.913,21.52,374.583,360.0,451.0,698.0,213.0,277.0,214.0,2.029,2.191,-0.767,-0.051,2.575,0.0,0.885,0.803,-0.299,0.015,0.626,0.286
4.928,24.0,55.296,7.04,-49.31,125.6,0.99,17.07,-0.13,0.0,0.0,150.0,0.0,0.0,150.0,-179.855,-22.211,305.82,50.585,6.247,362.465,113.257,13.986,377.87,177.615,22.266,374.063,205.0,716.0,597.0,214.0,358.0,214.0,2.774,2.99,-0.977,-0.052,3.479,0.056,6.608,7.231,-2.125,-0.026,8.137,0.286
5.019,24.0,63.984,7.34,-48.99,125.5,0.99,17.44,-0.12,0.0,0.0,150.0,0.0,0.0,150.0,-178.87,-23.041,306.83,51.631,6.651,362.582,114.32,14.726,377.745,178.591,23.344,373.271,559.0,712.0,593.0,249.0,407.0,146.0,3.259,3.536,-1.161,-0.056,4.089,0.055,1.984,2.582,-0.887,-0.312,2.87,-0.312
5.109,24.0,53.808,7.63,-48.67,125.39,0.98,17.81,-0.12,0.0,0.0,150.0,0.0,0.0,150.0,-177.881,-23.829,307.834,52.669,7.056,362.735,115.371,15.455,377.666,179.548,24.396,372.535,76.0,654.0,702.0,206.0,429.0,175.0,3.14,3.465,-1.14,-0.108,4.006,0.0,-3.184,-3.217,1.065,-0.011,-3.607,-0.312
5.204,24.0,55.152,7.92,-48.35,125.29,0.97,18.18,-0.12,0.0,0.0,150.0,0.0,0.0,150.0,-176.882,-24.607,308.834,53.716,7.473,362.841,116.43,16.197,377.53,180.505,25.458,371.732,87.0,644.0,890.0,208.0,337.0,132.0,2.651,2.916,-0.955,-0.052,3.394,-0.0,-4.242,-5.113,1.727,0.274,-5.677,0.0
5.297,24.0,56.52,8.13,-48.12,125.21,0.97,18.45,-0.12,0.0,0.0,150.0,0.0,0.0,150.0,-176.158,-25.165,309.55,54.46,7.78,362.947,117.18,16.74,377.47,181.176,26.234,371.197,337.0,600.0,719.0,224.0,305.0,170.0,2.339,2.501,-0.814,-0.056,2.935,0.0,-1.459,-1.981,0.667,-0.324,-2.169,0.0
5.388,24.0,59.28,8.35,-47.89,125.14,0.96,18.72,-0.12,0.0,0.0,150.0,0.0,0.0,150.0,-175.425,-25.748,310.263,55.211,8.104,363.01,117.936,17.31,377.355,181.847,27.044,370.597,434.0,716.0,754.0,229.0,169.0,168.0,2.375,2.542,-0.829,-0.111,2.984,0.0,2.564,3.223,-1.074,0.008,3.605,-0.0
5.478,24.0,49.656,8.56,-47.66,125.06,0.95,18.99,-0.12,0.0,0.0,150.0,0.0,0.0,150.0,-174.692,-26.295,310.973,55.954,8.422,363.11,118.682,17.864,377.289,182.506,27.826,370.058,173.0,692.0,745.0,139.0,181.0,139.0,2.798,3.078,-1.007,-0.055,3.582,-0.0,2.65,2.966,-0.981,0.305,3.305,0.0
5.567,24.0,51.408,8.85,-47.34,124.96,0.95,19.36,-0.12,0.0,0.0,150.0,0.0,0.0,150.0,-173.665,-27.04,311.957,56.998,8.875,363.198,119.731,18.642,377.133,183.425,28.921,369.237,194.0,379.0,883.0,300.0,277.0,109.0,2.854,3.078,-1.007,-0.055,3.582,0.0,-1.335,-1.968,0.652,-0.309,-1.987,0.0
5.657,24.0,54.432,9.07,-47.11,124.88,0.94,19.63,-0.12,0.0,0.0,150.0,0.0,0.0,150.0,-172.917,-27.604,312.662,57.739,9.217,363.291,120.469,19.231,377.06,184.065,29.746,368.691,314.0,471.0,646.0,272.0,444.0,121.0,2.556,2.722,-0.889,-0.111,3.222,0.0,-4.38,-4.38,1.556,0.002,-5.013,0.0
5.747,24.0,61.104,9.31,-46.85,124.8,0.93,19.94,-0.12,0.0,0.0,150.0,0.0,0.0,150.0,-172.069,-28.208,313.455,58.586,9.604,363.35,121.316,19.888,376.919,184.794,30.659,367.999,480.0,389.0,931.0,281.0,329.0,136.0,2.065,2.29,-0.727,-0.055,2.68,0.0,-1.719,-1.141,0.172,0.333,-2.145,-0.0
5.835,24.0,52.488,9.44,-46.7,124.75,0.93,20.11,-0.12,0.0,0.0,150.0,0.0,0.0,150.0,-171.582,-28.528,313.911,59.072,9.822,363.397,121.802,20.252,376.856,185.213,31.162,367.633,339.0,355.0,641.0,305.0,411.0,136.0,2.235,2.505,-0.852,-0.051,2.825,0.0,5.778,6.044,-1.932,0.025,7.129,-0.0
5.93,24.0,49.824,9.73,-46.38,124.64,0.92,20.47,-0.12,0.0,0.0,150.0,0.0,0.0,150.0,-170.531,-29.241,314.879,60.104,10.306,363.509,122.828,21.062,376.735,186.089,32.279,366.872,304.0,310.0,506.0,281.0,558.0,117.0,3.179,3.449,-1.088,-0.051,4.064,0.0,3.051,2.463,-0.777,-0.031,4.003,0.33
6.018,24.0,62.88,10.02,-46.07,124.55,0.92,20.85,-0.12,0.0,0.0,150.0,0.0,0.0,150.0,-169.5,-29.948,315.813,61.114,10.798,363.544,123.833,21.88,376.525,186.93,33.405,365.99,198.0,568.0,891.0,340.0,501.0,122.0,2.886,3.056,-1.017,-0.056,3.68,0.056,-3.358,-3.937,1.064,-0.346,-4.863,0.321
6.107,24.0,50.16,10.24,-45.84,124.46,0.91,21.12,-0.11,0.0,0.0,150.0,0.0,0.0,150.0,-168.727,-30.48,316.503,61.842,11.172,363.661,124.55,22.5,376.487,187.525,34.254,365.493,457.0,499.0,492.0,332.0,175.0,135.0,2.584,2.753,-0.899,-0.112,3.202,0.056,-1.713,-1.376,0.851,0.005,-2.293,-0.314
6.196,24.0,43.368,10.48,-45.58,124.39,0.9,21.42,-0.11,0.0,0.0,150.0,0.0,0.0,150.0,-167.853,-31.049,317.279,62.692,11.597,363.66,125.393,23.195,376.274,188.224,35.197,364.733,199.0,472.0,424.0,243.0,391.0,78.0,2.581,2.811,-0.866,-0.055,3.271,0.0,1.515,2.17,-0.769,0.321,2.54,-0.308
6.281,24.0,48.024,10.69,-45.35,124.31,0.9,21.69,-0.11,0.0,0.0,150.0,0.0,0.0,150.0,-167.077,-31.539,317.963,63.429,11.974,363.73,126.119,23.808,376.177,188.82,36.028,364.168,323.0,288.0,757.0,193.0,347.0,93.0,2.836,3.119,-1.024,-0.054,3.63,-0.0,4.247,4.555,-1.849,-0.313,5.155,0.0
6.371,24.0,58.752,10.98,-45.03,124.21,0.89,22.06,-0.11,0.0,0.0,150.0,0.0,0.0,150.0,-165.992,-32.205,318.91,64.462,12.507,363.776,127.138,24.667,375.978,189.651,37.182,363.311,544.0,479.0,790.0,202.0,331.0,102.0,3.337,3.618,-1.189,-0.113,4.183,0.0,-4.951,-5.6,1.66,-0.002,-6.588,0.0
6.458,24.0,44.832,11.28,-44.71,124.1,0.88,22.43,-0.11,0.0,0.0,150.0,0.0,0.0,150.0,-164.893,-32.889,319.852,65.483,13.061,363.857,128.138,25.558,375.825,190.455,38.376,362.514,220.0,212.0,790.0,242.0,290.0,114.0,2.021,2.193,-0.75,-0.058,2.539,0.0,-5.189,-5.484,1.834,0.314,-6.075,-0.0
6.547,24.0,47.52,11.33,-44.65,124.08,0.88,22.5,-0.11,0.0,0.0,150.0,0.0,0.0,150.0,-164.69,-32.998,320.028,65.676,13.159,363.869,128.328,25.712,375.792,190.609,38.581,362.359,127.0,621.0,583.0,234.0,300.0,115.0,2.464,2.697,-0.879,-0.059,3.166,-0.0,3.397,3.733,-1.029,-0.004,4.404,-0.0
6.633,24.0,52.488,11.7,-44.25,123.95,0.87,22.97,-0.11,0.0,0.0,150.0,0.0,0.0,150.0,-163.307,-33.819,321.196,66.956,13.866,363.93,129.58,26.835,375.552,191.601,40.072,361.298,337.0,410.0,493.0,287.0,563.0,97.0,2.625,2.858,-0.933,-0.059,3.326,-0.0,-0.897,-0.995,0.417,0.039,-1.247,0.0
6.721,24.0,64.752,11.78,-44.16,123.92,0.87,23.07,-0.11,0.0,0.0,150.0,0.0,0.0,150.0,-162.996,-33.992,321.458,67.244,14.023,363.945,129.861,27.082,375.501,191.824,40.399,361.07,583.0,881.0,396.0,259.0,482.0,97.0,2.297,2.512,-0.803,-0.052,2.936,0.0,1.858,2.042,-0.683,0.032,2.383,0.0
6.814,24.0,48.528,12.13,-43.78,123.8,0.86,23.52,-0.11,0.0,0.0,150.0,0.0,0.0,150.0,-161.67,-34.748,322.558,68.458,14.714,363.978,131.045,28.165,375.243,192.746,41.825,360.028,323.0,414.0,520.0,286.0,382.0,97.0,3.019,3.289,-1.079,-0.053,3.827,-0.0,2.433,2.759,-1.001,-0.021,3.149,-0.0
6.906,24.0,49.656,12.34,-43.55,123.72,0.86,23.78,-0.11,0.0,0.0,150.0,0.0,0.0,150.0,-160.864,-35.192,323.221,69.187,15.136,364.024,131.753,28.823,375.121,193.294,42.689,359.454,176.0,332.0,492.0,260.0,716.0,93.0,2.758,3.034,-0.992,-0.056,3.532,-0.0,-0.409,-0.677,-0.043,-0.307,-0.617,0.0
6.996,24.0,55.944,12.63,-43.23,123.62,0.85,24.16,-0.11,0.0,0.0,150.0,0.0,0.0,150.0,-159.737,-35.793,324.138,70.207,15.732,364.037,132.744,29.745,374.888,194.05,43.887,358.561,363.0,544.0,747.0,119.0,490.0,68.0,2.935,3.157,-1.083,-0.108,3.704,0.0,0.048,-0.558,0.088,-0.294,-0.589,0.0
7.091,24.0,34.464,12.88,-42.97,123.52,0.84,24.46,-0.11,0.0,0.0,150.0,0.0,0.0,150.0,-158.807,-36.313,324.879,71.018,16.239,364.12,133.522,30.532,374.792,194.636,44.911,357.96,132.0,150.0,545.0,211.0,326.0,72.0,2.747,2.911,-0.964,-0.108,3.397,0.0,-3.355,-3.329,1.35,0.302,-3.891,0.319
7.182,24.0,51.336,13.14,-42.69,123.44,0.83,24.79,-0.11,0.0,0.0,150.0,0.0,0.0,150.0,-157.807,-36.839,325.673,71.909,16.787,364.09,134.384,31.371,374.539,195.278,45.992,357.127,332.0,641.0,379.0,199.0,498.0,90.0,2.322,2.544,-0.832,-0.054,2.986,0.057,-1.503,-0.888,0.44,0.295,-1.15,0.31
7.271,24.0,54.048,13.3,-42.51,123.37,0.83,25.0,-0.1,0.0,0.0,150.0,0.0,0.0,150.0,-157.165,-37.152,326.181,72.471,17.131,364.146,134.925,31.895,374.471,195.681,46.666,356.71,369.0,402.0,624.0,197.0,573.0,87.0,2.464,2.738,-0.881,-0.053,3.177,0.057,4.981,4.974,-1.457,0.003,5.848,-0.303
7.363,24.0,56.424,13.59,-42.19,123.28,0.82,25.37,-0.1,0.0,0.0,150.0,0.0,0.0,150.0,-156.016,-37.716,327.08,73.489,17.765,364.097,135.907,32.854,374.165,196.403,47.889,355.75,146.0,322.0,815.0,270.0,724.0,74.0,3.244,3.461,-1.102,-0.054,4.067,0.0,1.887,1.607,-0.616,-0.012,1.912,-0.307
7.453,24.0,63.384,13.89,-41.88,123.17,0.82,25.74,-0.1,0.0,0.0,150.0,0.0,0.0,150.0,-154.884,-38.301,327.946,74.451,18.411,364.139,136.823,33.835,373.982,197.058,49.147,354.948,279.0,580.0,679.0,546.0,479.0,78.0,2.833,3.056,-1.0,-0.056,3.556,0.0,-5.129,-4.798,1.519,-0.315,-6.018,-0.0
7.543,24.0,51.984,14.1,-41.64,123.1,0.81,26.01,-0.1,0.0,0.0,150.0,0.0,0.0,150.0,-154.019,-38.687,328.613,75.211,18.892,364.104,137.553,34.551,373.757,197.589,50.046,354.246,257.0,521.0,572.0,284.0,454.0,78.0,2.321,2.597,-0.828,-0.111,2.984,0.0,-2.635,-2.941,0.982,-0.003,-3.286,0.0
7.634,24.0,53.304,14.31,-41.41,123.02,0.8,26.28,-0.1,0.0,0.0,150.0,0.0,0.0,150.0,-153.18,-39.074,329.249,75.926,19.367,364.122,138.235,35.261,373.606,198.073,50.94,353.641,562.0,435.0,336.0,375.0,435.0,78.0,2.363,2.527,-0.824,-0.055,2.967,0.0,2.437,2.098,-0.8,0.315,2.657,-0.0
7.725,24.0,55.464,14.53,-41.18,122.95,0.8,26.55,-0.1,0.0,0.0,150.0,0.0,0.0,150.0,-152.331,-39.481,329.882,76.642,19.864,364.094,138.915,36.004,373.399,198.545,51.877,352.971,387.0,305.0,624.0,361.0,545.0,89.0,2.764,2.979,-0.974,-0.053,3.467,-0.0,0.341,0.62,-0.492,0.004,0.569,-0.0
7.818,24.0,47.544,14.82,-40.86,122.84,0.79,26.92,-0.1,0.0,0.0,150.0,0.0,0.0,150.0,-151.156,-39.993,330.758,77.634,20.541,364.103,139.857,37.004,373.172,199.203,53.126,352.12,169.0,378.0,642.0,338.0,375.0,79.0,2.409,2.624,-0.91,-0.054,3.052,-0.0,-1.221,-1.142,0.389,-0.036,-1.037,0.0
7.913,24.0,60.336,14.98,-40.69,122.78,0.79,27.12,-0.1,0.0,0.0,150.0,0.0,0.0,150.0,-150.525,-40.277,331.221,78.157,20.913,364.112,140.35,37.554,373.057,199.539,53.815,351.673,467.0,504.0,769.0,322.0,371.0,81.0,2.545,2.775,-0.902,-0.06,3.286,0.0,2.407,2.804,-0.651,-0.343,3.561,0.0
8.0,24.0,53.232,15.27,-40.37,122.68,0.78,27.5,-0.1,0.0,0.0,150.0,0.0,0.0,150.0,-149.34,-40.771,332.089,79.149,21.608,364.07,141.29,38.573,372.768,200.176,55.073,350.742,386.0,286.0,624.0,371.0,472.0,79.0,2.832,3.116,-1.017,-0.112,3.683,0.0,-0.684,-1.005,0.315,0.004,-1.333,-0.0
8.091,24.0,47.4,15.48,-40.14,122.6,0.77,27.77,-0.1,0.0,0.0,150.0,0.0,0.0,150.0,-148.484,-41.122,332.709,79.854,22.116,364.07,141.955,39.314,372.599,200.624,55.985,350.125,248.0,171.0,667.0,267.0,544.0,78.0,2.391,2.556,-0.832,-0.054,3.001,-0.0,0.538,0.261,-0.107,0.294,-0.349,-0.0
8.18,24.0,55.656,15.7,-39.91,122.53,0.77,28.04,-0.1,0.0,0.0,150.0,0.0,0.0,150.0,-147.618,-41.493,333.326,80.56,22.644,364.025,142.616,40.088,372.374,201.056,56.941,349.444,393.0,314.0,672.0,433.0,433.0,74.0,2.908,3.137,-1.028,-0.058,3.592,0.0,5.236,6.25,-2.091,-0.348,6.978,0.0
8.267,24.0,62.352,15.99,-39.59,122.42,0.76,28.4,-0.1,0.0,0.0,150.0,0.0,0.0,150.0,-146.419,-41.957,334.179,81.537,23.365,364.01,143.534,41.131,372.123,201.665,58.215,348.588,251.0,490.0,835.0,374.0,572.0,76.0,3.315,3.657,-1.201,-0.114,4.228,0.0,-2.909,-2.909,0.98,-0.002,-2.579,0.316
8.355,24.0,54.36,16.28,-39.27,122.32,0.75,28.78,-0.1,0.0,0.0,150.0,0.0,0.0,150.0,-145.215,-42.409,335.027,82.516,24.098,363.947,144.451,42.186,371.812,202.255,59.494,347.644,131.0,483.0,828.0,294.0,453.0,76.0,2.383,2.611,-0.851,-0.057,3.121,0.056,-5.002,-5.982,2.0,0.327,-6.642,0.319
8.444,24.0,43.512,16.41,-39.13,122.27,0.75,28.95,-0.09,0.0,0.0,150.0,0.0,0.0,150.0,-144.685,-42.61,335.396,82.938,24.426,363.943,144.844,42.657,371.707,202.503,60.068,347.266,155.0,361.0,497.0,339.0,381.0,80.0,2.44,2.611,-0.851,-0.057,3.064,0.056,5.637,5.982,-2.0,-0.327,6.338,-0.319
8.532,24.0,48.264,16.71,-38.81,122.17,0.74,29.32,-0.09,0.0,0.0,150.0,0.0,0.0,150.0,-143.465,-43.069,336.236,83.907,25.189,363.871,145.744,43.753,371.387,203.067,61.391,346.327,279.0,621.0,606.0,292.0,136.0,77.0,3.371,3.657,-1.201,-0.114,4.229,0.0,-1.962,-1.631,0.323,0.011,-2.285,-0.316
8.619,24.0,48.648,17.0,-38.49,122.06,0.73,29.69,-0.09,0.0,0.0,150.0,0.0,0.0,150.0,-142.249,-43.49,337.069,84.87,25.947,363.835,146.639,44.832,371.114,203.627,62.684,345.448,216.0,547.0,817.0,272.0,107.0,68.0,2.122,2.352,-0.803,-0.056,2.695,0.0,-6.895,-7.545,2.535,0.321,-8.46,0.0
8.703,24.0,47.832,17.08,-38.4,122.03,0.73,29.79,-0.09,0.0,0.0,150.0,0.0,0.0,150.0,-141.907,-43.602,337.303,85.142,26.16,363.819,146.891,45.134,371.031,203.785,63.045,345.198,238.0,254.0,745.0,158.0,530.0,68.0,2.148,2.323,-0.755,-0.057,2.728,0.0,4.648,4.309,-1.31,-0.016,5.663,-0.0
8.789,24.0,42.912,17.37,-38.09,121.93,0.72,30.16,-0.09,0.0,0.0,150.0,0.0,0.0,150.0,-140.715,-44.017,338.103,86.069,26.923,363.749,147.746,46.216,370.724,204.296,64.335,344.289,152.0,468.0,576.0,276.0,242.0,74.0,2.93,3.103,-1.033,-0.059,3.679,-0.0,2.011,2.327,-0.664,-0.01,2.357,0.0
8.878,24.0,58.224,17.59,-37.86,121.85,0.72,30.43,-0.09,0.0,0.0,150.0,0.0,0.0,150.0,-139.824,-44.328,338.694,86.749,27.502,363.717,148.369,47.037,370.523,204.662,65.317,343.653,372.0,357.0,851.0,257.0,511.0,78.0,2.457,2.689,-0.856,-0.059,3.088,0.0,2.452,3.443,-0.712,-0.33,3.809,-0.0
8.964,24.0,45.672,17.8,-37.62,121.78,0.71,30.7,-0.09,0.0,0.0,150.0,0.0,0.0,150.0,-138.907,-44.598,339.306,87.471,28.084,363.625,149.038,47.851,370.239,205.066,66.271,342.915,185.0,200.0,572.0,319.0,549.0,78.0,3.313,3.658,-1.142,-0.115,4.284,-0.0,0.082,-0.248,-0.031,0.002,0.098,-0.0
9.052,24.0,45.288,18.17,-37.22,121.65,0.7,31.18,-0.09,0.0,0.0,150.0,0.0,0.0,150.0,-137.357,-45.081,340.32,88.653,29.096,363.518,150.12,49.27,369.827,205.683,67.939,341.734,201.0,107.0,764.0,168.0,572.0,75.0,2.431,2.599,-0.848,-0.056,3.049,0.0,-4.754,-5.728,1.245,0.325,-6.673,0.0
9.138,24.0,51.312,18.23,-37.16,121.63,0.7,31.24,-0.09,0.0,0.0,150.0,0.0,0.0,150.0,-137.12,-45.162,340.471,88.827,29.257,363.503,150.278,49.496,369.767,205.774,68.208,341.571,208.0,536.0,711.0,140.0,468.0,75.0,2.465,2.636,-0.917,-0.057,3.094,0.0,2.528,3.182,-1.098,-0.017,3.618,-0.0
9.225,24.0,44.04,18.6,-36.76,121.49,0.69,31.72,-0.09,0.0,0.0,150.0,0.0,0.0,150.0,-135.562,-45.622,341.475,89.997,30.287,363.427,151.342,50.932,369.397,206.366,69.884,340.447,317.0,178.0,678.0,115.0,470.0,77.0,2.873,3.156,-1.038,-0.059,3.681,0.0,-2.051,-1.732,0.999,0.009,-2.652,0.0
9.317,24.0,44.952,18.73,-36.61,121.45,0.69,31.88,-0.09,0.0,0.0,150.0,0.0,0.0,150.0,-134.983,-45.768,341.849,90.443,30.666,363.344,151.751,51.453,369.189,206.602,70.488,339.966,199.0,309.0,572.0,175.0,541.0,77.0,2.029,2.247,-0.713,-0.055,2.522,0.0,-0.645,-1.011,0.347,-0.269,-1.222,0.0
9.408,24.0,45.624,18.97,-36.35,121.36,0.68,32.18,-0.09,0.0,0.0,150.0,0.0,0.0,150.0,-133.966,-46.05,342.493,91.197,31.348,363.282,152.434,52.398,368.936,206.978,71.581,339.237,490.0,308.0,302.0,197.0,529.0,75.0,2.738,2.953,-0.969,-0.108,3.435,0.0,5.523,5.805,-2.05,-0.003,7.566,0.294
9.503,24.0,56.136,19.24,-36.06,121.27,0.67,32.52,-0.09,0.0,0.0,150.0,0.0,0.0,150.0,-132.825,-46.359,343.208,92.037,32.123,363.165,153.193,53.467,368.593,207.379,72.812,338.351,495.0,431.0,668.0,166.0,508.0,71.0,3.037,3.311,-1.089,-0.051,3.909,0.057,2.802,3.119,-1.027,0.269,3.46,0.285
9.593,24.0,30.984,19.53,-35.74,121.16,0.67,32.9,-0.08,0.0,0.0,150.0,0.0,0.0,150.0,-131.57,-46.669,343.991,92.96,32.974,363.075,154.025,54.634,368.265,207.815,74.152,337.432,142.0,279.0,345.0,192.0,265.0,68.0,3.259,3.536,-1.161,-0.055,4.09,0.056,-1.202,-1.489,0.511,-0.324,-2.044,-0.312
9.684,24.0,39.72,19.83,-35.42,121.06,0.66,33.26,-0.08,0.0,0.0,150.0,0.0,0.0,150.0,-130.303,-46.989,344.767,93.875,33.853,362.937,154.844,55.839,367.878,208.235,75.529,336.467,146.0,200.0,759.0,68.0,404.0,78.0,2.812,3.033,-0.993,-0.111,3.531,-0.0,-6.882,-7.498,2.198,-0.007,-8.133,-0.305
9.774,24.0,34.512,20.04,-35.19,120.98,0.65,33.54,-0.08,0.0,0.0,150.0,0.0,0.0,150.0,-129.394,-47.198,345.322,94.53,34.481,362.867,155.429,56.695,367.639,208.526,76.496,335.802,265.0,181.0,547.0,165.0,202.0,78.0,2.018,2.183,-0.764,-0.057,2.622,0.0,-2.636,-2.711,0.874,0.323,-3.121,0.0
9.869,24.0,50.352,20.2,-35.02,120.92,0.65,33.74,-0.08,0.0,0.0,150.0,0.0,0.0,150.0,-128.717,-47.359,345.729,95.009,34.956,362.817,155.855,57.343,367.465,208.733,77.235,335.321,617.0,265.0,555.0,175.0,390.0,96.0,2.388,2.601,-0.849,-0.053,3.026,0.0,5.943,6.789,-1.989,-0.274,7.336,0.0
9.963,24.0,46.704,20.49,-34.7,120.82,0.64,34.11,-0.08,0.0,0.0,150.0,0.0,0.0,150.0,-127.45,-47.626,346.492,95.916,35.843,362.665,156.664,58.543,367.063,209.129,78.583,334.34,161.0,186.0,795.0,164.0,544.0,96.0,3.137,3.461,-1.137,-0.108,4.002,0.0,2.317,2.318,-0.755,0.018,2.719,-0.0
10.054,24.0,42.792,20.78,-34.38,120.71,0.63,34.48,-0.08,0.0,0.0,150.0,0.0,0.0,150.0,-126.179,-47.881,347.249,96.816,36.738,362.548,157.463,59.752,366.708,209.514,79.936,333.418,213.0,179.0,480.0,171.0,643.0,97.0,2.85,3.07,-1.002,-0.054,3.574,-0.0,-1.309,-1.842,0.635,0.282,-2.003,0.0
10.141,24.0,35.232,21.0,-34.15,120.64,0.63,34.75,-0.08,0.0,0.0,150.0,0.0,0.0,150.0,-125.254,-48.081,347.789,97.453,37.409,362.422,158.022,60.659,366.401,209.76,80.956,332.693,194.0,419.0,270.0,141.0,365.0,79.0,2.889,3.114,-1.018,-0.056,3.624,0.0,-2.356,-2.65,0.877,-0.011,-2.612,0.0
10.23,24.0,34.056,21.29,-33.83,120.53,0.62,35.12,-0.08,0.0,0.0,150.0,0.0,0.0,150.0,-123.978,-48.312,348.536,98.342,38.322,362.293,158.806,61.884,366.035,210.12,82.315,331.766,411.0,113.0,267.0,126.0,416.0,86.0,2.424,2.591,-0.843,-0.056,3.101,-0.0,-4.887,-5.499,1.823,-0.017,-6.116,-0.0
10.317,24.0,47.616,21.43,-33.69,120.49,0.62,35.3,-0.08,0.0,0.0,150.0,0.0,0.0,150.0,-123.408,-48.437,348.86,98.722,38.748,362.202,159.134,62.46,365.83,210.242,82.956,331.291,125.0,536.0,764.0,139.0,338.0,82.0,2.028,2.145,-0.696,-0.058,2.549,-0.0,2.622,3.327,-1.123,-0.347,3.36,0.0
10.403,24.0,46.608,21.64,-33.46,120.41,0.61,35.56,-0.08,0.0,0.0,150.0,0.0,0.0,150.0,-122.486,-48.595,349.391,99.354,39.417,362.107,159.687,63.354,365.566,210.49,83.942,330.634,321.0,295.0,675.0,78.0,494.0,79.0,2.864,3.15,-1.032,-0.115,3.663,0.0,3.191,3.856,-1.284,-0.006,4.488,0.0
10.491,24.0,41.832,21.93,-33.14,120.31,0.6,35.94,-0.08,0.0,0.0,150.0,0.0,0.0,150.0,-121.204,-48.797,350.124,100.232,40.354,361.924,160.455,64.6,365.133,210.812,85.305,329.629,479.0,116.0,713.0,21.0,317.0,97.0,2.557,2.784,-0.909,-0.057,3.295,0.0,0.032,-0.317,-0.21,0.336,-0.673,0.317
10.579,24.0,35.784,22.09,-32.97,120.25,0.6,36.14,-0.08,0.0,0.0,150.0,0.0,0.0,150.0,-120.516,-48.912,350.51,100.69,40.866,361.852,160.851,65.282,364.937,210.97,86.056,329.139,152.0,88.0,595.0,90.0,486.0,80.0,2.869,3.094,-1.069,-0.056,3.545,0.056,-1.111,-0.801,0.05,0.007,-1.464,0.317
10.668,24.0,43.104,22.44,-32.59,120.12,0.59,36.57,-0.07,0.0,0.0,150.0,0.0,0.0,150.0,-118.984,-49.139,351.369,101.714,42.007,361.669,161.736,66.795,364.47,211.333,87.709,328.03,156.0,197.0,718.0,136.0,510.0,79.0,2.351,2.634,-0.896,-0.056,3.028,0.056,-4.023,-4.34,1.434,-0.015,-4.242,-0.325
10.755,24.0,45.144,22.51,-32.5,120.09,0.59,36.68,-0.07,0.0,0.0,150.0,0.0,0.0,150.0,-118.631,-49.163,351.571,101.965,42.256,361.621,161.96,67.119,364.354,211.43,88.053,327.755,293.0,275.0,744.0,136.0,336.0,97.0,2.154,2.327,-0.815,-0.058,2.792,0.0,3.493,3.183,-0.851,-0.347,3.59,-0.317
10.841,24.0,29.088,22.81,-32.19,119.98,0.58,37.05,-0.07,0.0,0.0,150.0,0.0,0.0,150.0,-117.365,-49.36,352.262,102.78,43.226,361.479,162.652,68.406,363.985,211.675,89.454,326.854,114.0,108.0,495.0,85.0,313.0,97.0,2.944,3.171,-1.04,-0.115,3.636,-0.0,4.778,5.099,-1.376,-0.0,5.467,0.0
10.929,24.0,57.048,23.02,-31.95,119.91,0.57,37.31,-0.07,0.0,0.0,150.0,0.0,0.0,150.0,-116.402,-49.458,352.794,103.426,43.944,361.302,163.212,69.347,363.615,211.902,90.46,326.084,437.0,208.0,897.0,117.0,639.0,79.0,2.968,3.195,-1.049,-0.056,3.726,0.0,-0.276,-0.384,0.364,0.372,0.298,0.0
11.014,24.0,45.624,23.32,-31.64,119.8,0.57,37.69,-0.07,0.0,0.0,150.0,0.0,0.0,150.0,-115.133,-49.632,353.475,104.23,44.932,361.149,163.889,70.65,363.236,212.115,91.869,325.17,94.0,155.0,885.0,124.0,562.0,81.0,2.899,3.108,-0.98,-0.049,3.692,0.0,-2.427,-2.315,0.894,-0.21,-2.673,-0.0
11.11,24.0,44.472,23.53,-31.4,119.74,0.56,37.96,-0.07,0.0,0.0,150.0,0.0,0.0,150.0,-114.168,-49.713,353.999,104.868,45.663,360.922,164.438,71.602,362.805,212.312,92.874,324.326,166.0,85.0,658.0,43.0,808.0,93.0,2.49,2.746,-0.886,-0.101,3.189,-0.0,0.064,0.342,-0.579,-0.023,0.127,-0.0
11.213,24.0,46.752,23.82,-31.09,119.62,0.55,38.33,-0.07,0.0,0.0,150.0,0.0,0.0,150.0,-112.903,-49.843,354.669,105.667,46.649,360.801,165.11,72.891,362.468,212.531,94.249,323.479,76.0,367.0,714.0,103.0,595.0,93.0,2.975,3.236,-1.118,-0.046,3.795,-0.0,0.977,0.742,-0.245,0.203,0.556,0.0
11.306,24.0,41.28,24.11,-30.77,119.52,0.55,38.7,-0.07,0.0,0.0,150.0,0.0,0.0,150.0,-111.604,-49.946,355.355,106.494,47.659,360.569,165.81,74.205,361.987,212.751,95.64,322.465,132.0,200.0,690.0,117.0,490.0,91.0,2.753,2.968,-0.972,-0.055,3.399,0.0,-2.724,-3.273,1.39,-0.335,-3.687,0.0
11.398,24.0,62.184,24.33,-30.54,119.44,0.54,38.96,-0.07,0.0,0.0,150.0,0.0,0.0,150.0,-110.66,-50.034,355.845,107.074,48.413,360.433,166.29,75.188,361.681,212.892,96.682,321.79,388.0,191.0,903.0,123.0,884.0,102.0,2.471,2.632,-0.86,-0.108,3.112,0.0,-1.707,-1.706,0.56,0.001,-1.126,-0.0
11.492,24.0,53.568,24.57,-30.28,119.36,0.53,39.28,-0.07,0.0,0.0,150.0,0.0,0.0,150.0,-109.598,-50.109,356.394,107.733,49.256,360.231,166.84,76.28,361.275,213.035,97.819,320.937,307.0,157.0,865.0,167.0,635.0,101.0,2.441,2.658,-0.87,-0.052,3.198,-0.0,1.871,2.524,-0.827,0.264,2.626,0.0
11.582,24.0,43.8,24.78,-30.05,119.28,0.53,39.55,-0.07,0.0,0.0,150.0,0.0,0.0,150.0,-108.661,-50.162,356.876,108.313,50.002,360.088,167.323,77.243,360.961,213.168,98.829,320.251,188.0,67.0,800.0,156.0,510.0,104.0,2.798,3.078,-1.007,-0.056,3.582,0.0,2.352,2.385,-0.779,-0.34,2.199,0.317
11.671,24.0,52.728,25.07,-29.73,119.18,0.52,39.92,-0.07,0.0,0.0,150.0,0.0,0.0,150.0,-107.357,-50.221,357.541,109.117,51.044,359.835,167.99,78.585,360.459,213.345,100.22,319.23,581.0,158.0,953.0,164.0,240.0,101.0,2.865,3.09,-1.011,-0.112,3.596,0.056,0.151,-0.187,0.051,-0.002,-0.212,0.319
11.76,24.0,53.112,25.29,-29.5,119.1,0.51,40.19,-0.06,0.0,0.0,150.0,0.0,0.0,150.0,-106.41,-50.277,358.015,109.679,51.821,359.684,168.448,79.589,360.137,213.447,101.263,318.541,463.0,241.0,944.0,160.0,304.0,101.0,2.825,3.045,-0.998,-0.057,3.544,0.057,1.738,2.307,-0.772,0.326,2.245,-0.305
11.851,24.0,49.32,25.58,-29.18,119.0,0.51,40.56,-0.06,0.0,0.0,150.0,0.0,0.0,150.0,-105.104,-50.312,358.669,110.469,52.88,359.42,169.097,80.945,359.624,213.596,102.664,317.515,221.0,488.0,762.0,97.0,390.0,97.0,3.187,3.516,-1.154,-0.055,4.011,-0.0,-0.312,-0.0,0.014,-0.299,0.014,-0.312
11.942,24.0,50.16,25.87,-28.86,118.89,0.5,40.92,-0.06,0.0,0.0,150.0,0.0,0.0,150.0,-103.798,-50.334,359.317,111.251,53.949,359.191,169.737,82.31,359.157,213.749,104.065,316.558,194.0,332.0,690.0,97.0,676.0,101.0,2.769,3.045,-0.995,-0.111,3.547,-0.0,-4.195,-5.095,1.697,0.009,-5.021,-0.0
12.031,24.0,49.968,26.08,-28.63,118.82,0.49,41.2,-0.06,0.0,0.0,150.0,0.0,0.0,150.0,-102.857,-50.345,359.778,111.807,54.725,358.985,170.188,83.301,358.77,213.827,105.068,315.795,359.0,312.0,615.0,107.0,585.0,104.0,2.43,2.599,-0.848,-0.056,3.107,-0.0,-1.89,-2.492,0.822,0.309,-2.775,0.0
12.119,24.0,46.872,26.3,-28.4,118.74,0.49,41.47,-0.06,0.0,0.0,150.0,0.0,0.0,150.0,-101.907,-50.366,360.236,112.349,55.526,358.818,170.62,84.326,358.432,213.89,106.122,315.101,263.0,87.0,823.0,113.0,567.0,100.0,2.43,2.599,-0.848,-0.056,3.051,0.0,-0.241,0.41,-0.031,0.002,-0.219,0.0
12.208,24.0,43.584,26.51,-28.17,118.67,0.48,41.74,-0.06,0.0,0.0,150.0,0.0,0.0,150.0,-100.966,-50.362,360.691,112.896,56.313,358.605,171.06,85.325,358.038,213.96,107.128,314.344,81.0,223.0,854.0,98.0,461.0,99.0,2.387,2.672,-0.854,-0.056,3.069,0.0,0.729,1.376,-0.677,0.002,1.068,-0.0
12.295,24.0,46.608,26.72,-27.93,118.59,0.48,42.01,-0.06,0.0,0.0,150.0,0.0,0.0,150.0,-99.992,-50.334,361.161,113.472,57.12,358.408,171.528,86.344,357.66,214.053,108.159,313.606,373.0,84.0,697.0,107.0,589.0,92.0,2.554,2.839,-0.965,-0.056,3.236,0.0,2.413,1.759,-0.813,-0.306,2.607,0.0
12.384,24.0,37.968,26.96,-27.67,118.5,0.47,42.31,-0.06,0.0,0.0,150.0,0.0,0.0,150.0,-98.925,-50.318,361.667,114.079,58.026,358.205,172.009,87.492,357.264,214.121,109.315,312.819,252.0,26.0,530.0,107.0,577.0,90.0,2.814,2.981,-0.995,-0.111,3.531,0.0,-0.993,-1.674,0.759,-0.011,-1.414,0.0
12.476,24.0,42.816,27.23,-27.39,118.41,0.46,42.65,-0.06,0.0,0.0,150.0,0.0,0.0,150.0,-97.766,-50.309,362.207,114.714,59.031,357.953,172.501,88.768,356.795,214.145,110.595,311.914,224.0,125.0,753.0,89.0,506.0,87.0,2.35,2.516,-0.821,-0.054,2.951,0.0,-1.397,-0.753,0.468,0.285,-1.579,-0.0
12.566,24.0,45.072,27.39,-27.21,118.35,0.46,42.85,-0.06,0.0,0.0,150.0,0.0,0.0,150.0,-97.032,-50.275,362.551,115.133,59.654,357.796,172.835,89.551,356.503,214.194,111.38,311.36,470.0,108.0,608.0,78.0,527.0,87.0,2.545,2.827,-0.904,-0.057,3.225,0.0,3.098,3.42,-1.139,-0.017,4.196,0.0
12.654,24.0,47.352,27.68,-26.89,118.25,0.45,43.22,-0.06,0.0,0.0,150.0,0.0,0.0,150.0,-95.724,-50.214,363.158,115.864,60.779,357.486,173.409,90.965,355.943,214.246,112.781,310.321,397.0,80.0,908.0,78.0,423.0,87.0,2.898,3.125,-1.023,-0.057,3.693,0.0,2.124,1.499,-0.715,-0.002,2.818,0.0
12.742,24.0,37.56,27.9,-26.66,118.17,0.45,43.5,-0.06,0.0,0.0,150.0,0.0,0.0,150.0,-94.773,-50.18,363.591,116.373,61.616,357.293,173.798,92.021,355.58,214.246,113.835,309.611,142.0,334.0,667.0,48.0,287.0,87.0,2.919,3.091,-1.03,-0.058,3.72,0.0,-0.206,0.135,-0.041,-0.332,-0.499,0.327
12.829,24.0,38.28,28.19,-26.35,118.07,0.44,43.87,-0.06,0.0,0.0,150.0,0.0,0.0,150.0,-93.498,-50.112,364.168,117.058,62.74,356.994,174.322,93.432,355.043,214.25,115.224,308.612,54.0,426.0,614.0,55.0,359.0,87.0,2.863,3.148,-1.03,-0.114,3.607,0.056,-2.939,-2.286,0.98,0.0,-3.918,0.327
12.917,24.0,46.224,28.4,-26.11,117.99,0.43,44.13,-0.05,0.0,0.0,150.0,0.0,0.0,150.0,-92.524,-50.028,364.61,117.599,63.585,356.77,174.745,94.484,354.637,214.295,116.255,307.873,174.0,469.0,683.0,72.0,442.0,86.0,2.4,2.685,-0.857,-0.056,3.029,0.056,-0.039,-0.387,0.138,0.343,-0.118,-0.327
13.004,24.0,42.072,28.61,-25.88,117.92,0.43,44.4,-0.05,0.0,0.0,150.0,0.0,0.0,150.0,-91.583,-49.953,365.031,118.102,64.418,356.523,175.129,95.523,354.209,214.289,117.272,307.108,363.0,234.0,725.0,46.0,299.0,86.0,2.845,3.07,-1.002,-0.054,3.574,0.0,2.616,2.263,-0.856,-0.299,3.515,-0.332
13.095,24.0,37.008,28.91,-25.56,117.81,0.42,44.77,-0.05,0.0,0.0,150.0,0.0,0.0,150.0,-90.267,-49.851,365.61,118.787,65.601,356.227,175.643,97.0,353.675,214.272,118.716,306.123,146.0,56.0,815.0,41.0,402.0,82.0,2.845,3.07,-1.002,-0.112,3.633,0.0,-4.224,-4.533,1.499,0.008,-4.82,0.0
13.182,24.0,39.264,29.12,-25.33,117.74,0.41,45.05,-0.05,0.0,0.0,150.0,0.0,0.0,150.0,-89.327,-49.76,366.022,119.279,66.444,355.972,176.013,98.048,353.239,214.245,119.722,305.348,259.0,20.0,704.0,39.0,536.0,78.0,2.126,2.299,-0.747,-0.057,2.759,0.0,-4.219,-4.531,1.169,0.646,-5.467,0.0
13.269,24.0,46.656,29.28,-25.16,117.68,0.41,45.25,-0.05,0.0,0.0,150.0,0.0,0.0,150.0,-88.629,-49.695,366.325,119.635,67.081,355.816,176.276,98.841,352.958,214.22,120.495,304.83,309.0,54.0,799.0,39.0,665.0,78.0,2.111,2.282,-0.799,-0.0,2.681,0.0,4.483,4.8,-1.604,0.006,5.104,-0.0
13.357,24.0,49.056,29.49,-24.93,117.6,0.41,45.52,-0.05,0.0,0.0,150.0,0.0,0.0,150.0,-87.689,-49.592,366.731,120.12,67.933,355.597,176.638,99.896,352.569,214.193,121.517,304.122,564.0,357.0,690.0,39.0,316.0,78.0,2.92,3.149,-1.03,-0.058,3.664,-0.0,7.184,7.837,-2.286,-0.653,8.816,0.0
13.444,24.0,53.856,29.79,-24.61,117.5,0.4,45.89,-0.05,0.0,0.0,150.0,0.0,0.0,150.0,-86.376,-49.448,367.29,120.776,69.141,355.24,177.115,101.394,351.963,214.125,122.956,303.072,299.0,334.0,771.0,38.0,724.0,78.0,3.372,3.657,-1.199,-0.114,4.229,0.0,-0.451,-0.135,0.036,-0.319,-0.161,0.0
13.532,24.0,47.52,30.08,-24.29,117.39,0.39,46.26,-0.05,0.0,0.0,150.0,0.0,0.0,150.0,-85.074,-49.276,367.843,121.437,70.338,354.918,177.601,102.869,351.403,214.074,124.364,302.081,243.0,170.0,832.0,29.0,628.0,78.0,2.83,3.113,-1.02,-0.113,3.622,0.0,-5.727,-6.064,2.016,0.325,-6.754,-0.0
13.621,24.0,51.072,30.29,-24.06,117.32,0.38,46.53,-0.05,0.0,0.0,150.0,0.0,0.0,150.0,-84.137,-49.146,368.235,121.902,71.205,354.644,177.938,103.937,350.948,214.015,125.372,301.309,284.0,380.0,754.0,39.0,593.0,78.0,2.36,2.584,-0.843,-0.056,3.034,0.0,-2.556,-3.205,1.059,0.335,-3.28,-0.0
13.71,24.0,42.744,30.5,-23.83,117.24,0.38,46.8,-0.05,0.0,0.0,150.0,0.0,0.0,150.0,-83.2,-49.009,368.625,122.364,72.078,354.409,178.271,105.01,350.543,213.954,126.393,300.598,353.0,216.0,780.0,41.0,333.0,58.0,2.375,2.543,-0.831,-0.053,3.039,-0.0,1.645,1.515,-0.494,0.002,1.684,-0.0
13.802,24.0,39.144,30.72,-23.6,117.17,0.37,47.08,-0.05,0.0,0.0,150.0,0.0,0.0,150.0,-82.257,-48.879,369.011,122.807,72.975,354.129,178.577,106.116,350.081,213.851,127.434,299.819,348.0,287.0,650.0,50.0,218.0,78.0,2.666,2.871,-0.936,-0.056,3.349,-0.0,1.467,1.96,-0.622,-0.024,1.609,0.0
13.9,24.0,45.144,31.01,-23.28,117.06,0.37,47.44,-0.05,0.0,0.0,150.0,0.0,0.0,150.0,-80.958,-48.664,369.542,123.437,74.198,353.785,179.026,107.612,349.5,213.76,128.851,298.83,334.0,451.0,700.0,39.0,261.0,96.0,2.633,2.895,-0.943,-0.058,3.322,0.0,0.533,0.557,-0.189,-0.304,0.959,0.301
13.99,24.0,47.184,31.22,-23.05,116.99,0.36,47.71,-0.05,0.0,0.0,150.0,0.0,0.0,150.0,-80.025,-48.503,369.919,123.881,75.084,353.497,179.336,108.695,349.031,213.669,129.858,298.056,202.0,324.0,946.0,39.0,377.0,78.0,2.753,2.971,-0.97,-0.109,3.51,0.052,0.682,0.428,-0.153,0.007,0.769,0.295
14.084,24.0,39.336,31.52,-22.73,116.88,0.35,48.09,-0.04,0.0,0.0,150.0,0.0,0.0,150.0,-78.722,-48.279,370.438,124.481,76.342,353.142,179.746,110.235,348.438,213.522,131.296,297.051,68.0,227.0,832.0,58.0,376.0,78.0,2.753,2.971,-0.97,-0.052,3.453,0.052,-1.437,-1.41,0.459,0.275,-1.922,-0.295
14.174,24.0,43.152,31.73,-22.5,116.81,0.35,48.35,-0.04,0.0,0.0,150.0,0.0,0.0,150.0,-77.791,-48.101,370.807,124.912,77.238,352.846,180.041,111.326,347.961,213.417,132.312,296.283,101.0,80.0,820.0,102.0,614.0,81.0,2.5,2.722,-0.889,-0.056,3.167,0.0,-1.406,-1.38,0.14,-0.328,-1.283,-0.289
14.264,24.0,41.184,31.97,-22.24,116.72,0.34,48.66,-0.04,0.0,0.0,150.0,0.0,0.0,150.0,-76.738,-47.895,371.22,125.392,78.262,352.551,180.365,112.573,347.474,213.289,133.464,295.468,233.0,39.0,714.0,90.0,553.0,87.0,2.5,2.722,-0.944,-0.111,3.222,0.0,1.735,1.729,-0.58,-0.002,2.019,0.0
14.354,24.0,48.288,32.18,-22.01,116.64,0.33,48.93,-0.04,0.0,0.0,150.0,0.0,0.0,150.0,-75.81,-47.703,371.581,125.815,79.168,352.289,180.65,113.673,347.042,213.177,134.474,294.752,341.0,59.0,824.0,105.0,599.0,84.0,2.812,3.033,-0.993,-0.056,3.53,0.0,1.689,1.676,-0.249,0.314,1.645,-0.0
14.445,24.0,43.08,32.48,-21.69,116.54,0.33,49.3,-0.04,0.0,0.0,150.0,0.0,0.0,150.0,-74.514,-47.434,372.078,126.38,80.451,351.871,181.016,115.231,346.376,212.977,135.913,293.691,227.0,223.0,727.0,68.0,442.0,108.0,2.802,3.022,-0.989,-0.055,3.516,-0.0,-2.773,-2.478,0.929,0.005,-3.093,0.0
14.536,24.0,55.32,32.69,-21.46,116.46,0.32,49.57,-0.04,0.0,0.0,150.0,0.0,0.0,150.0,-73.589,-47.225,372.431,126.789,81.366,351.601,181.286,116.339,345.936,212.849,136.923,292.973,558.0,194.0,790.0,71.0,595.0,97.0,2.308,2.582,-0.824,-0.055,2.967,0.0,-0.41,-0.113,0.042,0.005,-0.137,0.0
14.627,24.0,41.736,32.9,-21.22,116.39,0.32,49.84,-0.04,0.0,0.0,150.0,0.0,0.0,150.0,-72.632,-46.988,372.795,127.221,82.303,351.259,181.574,117.465,345.401,212.718,137.944,292.151,211.0,128.0,675.0,68.0,548.0,109.0,2.728,3.001,-0.981,-0.054,3.492,-0.0,2.955,2.363,-0.96,-0.312,3.299,-0.0
14.719,24.0,37.68,33.19,-20.91,116.28,0.31,50.21,-0.04,0.0,0.0,150.0,0.0,0.0,150.0,-71.384,-46.694,373.26,127.748,83.564,350.893,181.905,118.99,344.81,212.505,139.329,291.191,233.0,103.0,523.0,145.0,449.0,117.0,2.845,3.01,-0.998,-0.113,3.566,0.0,1.082,0.885,-0.277,0.016,0.992,0.0
14.805,24.0,35.904,33.41,-20.68,116.21,0.3,50.48,-0.04,0.0,0.0,150.0,0.0,0.0,150.0,-70.455,-46.474,373.601,128.122,84.513,350.569,182.128,120.137,344.305,212.317,140.365,290.412,248.0,167.0,498.0,166.0,300.0,117.0,2.923,3.15,-1.029,-0.059,3.666,0.0,-1.633,-0.953,0.5,0.333,-1.538,-0.0
14.893,24.0,46.8,33.7,-20.36,116.1,0.3,50.85,-0.04,0.0,0.0,150.0,0.0,0.0,150.0,-69.179,-46.137,374.069,128.661,85.806,350.165,182.467,121.69,343.664,212.097,141.768,289.406,151.0,182.0,812.0,175.0,494.0,136.0,2.551,2.834,-0.908,-0.056,3.287,-0.0,-2.879,-2.886,1.059,-0.299,-3.58,-0.0
14.982,24.0,50.088,33.86,-20.18,116.05,0.29,51.06,-0.04,0.0,0.0,150.0,0.0,0.0,150.0,-68.465,-45.937,374.329,128.96,86.527,349.886,182.653,122.553,343.238,211.964,142.527,288.768,444.0,105.0,865.0,201.0,337.0,135.0,2.416,2.64,-0.843,-0.112,3.034,0.0,1.688,1.042,-0.556,-0.004,1.317,0.31
15.071,24.0,43.704,34.13,-19.89,115.95,0.28,51.39,-0.04,0.0,0.0,150.0,0.0,0.0,150.0,-67.307,-45.622,374.743,129.424,87.725,349.512,182.928,123.991,342.65,211.738,143.819,287.86,99.0,228.0,746.0,150.0,456.0,142.0,2.851,3.019,-1.007,-0.056,3.522,0.055,0.52,0.499,-0.276,0.321,0.795,0.314
15.161,24.0,49.92,34.37,-19.64,115.87,0.28,51.69,-0.03,0.0,0.0,150.0,0.0,0.0,150.0,-66.305,-45.349,375.096,129.803,88.778,349.159,183.137,125.256,342.106,211.491,144.95,287.031,308.0,332.0,708.0,117.0,459.0,156.0,2.5,2.722,-0.889,-0.056,3.167,0.056,-0.175,0.764,-0.04,-0.311,0.805,-0.307
15.251,24.0,46.824,34.58,-19.4,115.79,0.27,51.96,-0.03,0.0,0.0,150.0,0.0,0.0,150.0,-65.362,-45.056,375.43,130.193,89.747,348.831,183.377,126.409,341.596,211.322,145.965,286.264,320.0,72.0,624.0,122.0,649.0,164.0,2.82,3.157,-1.014,-0.112,3.666,-0.0,-0.382,-0.714,0.232,0.009,-0.673,-0.305
15.339,24.0,52.728,34.87,-19.08,115.69,0.26,52.34,-0.03,0.0,0.0,150.0,0.0,0.0,150.0,-64.099,-44.666,375.87,130.686,91.066,348.359,183.66,127.98,340.876,211.034,147.339,285.19,289.0,86.0,800.0,158.0,698.0,166.0,2.448,2.617,-0.854,-0.056,3.072,0.0,-1.824,-2.737,0.471,0.304,-2.987,-0.0
15.426,24.0,54.528,35.01,-18.94,115.64,0.26,52.5,-0.03,0.0,0.0,150.0,0.0,0.0,150.0,-63.537,-44.506,376.06,130.879,91.677,348.176,183.754,128.714,340.592,210.88,148.0,284.761,236.0,257.0,713.0,147.0,763.0,156.0,2.496,2.671,-0.929,-0.058,3.136,-0.0,2.551,3.248,-1.078,-0.013,3.965,-0.0
15.512,24.0,46.776,35.3,-18.62,115.53,0.25,52.88,-0.03,0.0,0.0,150.0,0.0,0.0,150.0,-62.28,-44.097,376.49,131.36,93.008,347.736,184.024,130.296,339.916,210.586,149.38,283.744,234.0,371.0,555.0,183.0,440.0,166.0,2.885,3.174,-1.04,-0.059,3.751,0.0,2.289,2.955,-0.653,-0.002,3.286,0.0
15.6,24.0,46.032,35.51,-18.39,115.46,0.25,53.15,-0.03,0.0,0.0,150.0,0.0,0.0,150.0,-61.377,-43.796,376.795,131.693,93.97,347.378,184.202,131.438,339.378,210.349,150.375,282.962,287.0,75.0,731.0,203.0,456.0,166.0,2.885,3.174,-1.04,-0.059,3.692,0.0,0.264,-0.066,0.018,-0.327,-0.409,-0.0
15.686,24.0,51.048,35.8,-18.07,115.35,0.24,53.52,-0.03,0.0,0.0,150.0,0.0,0.0,150.0,-60.126,-43.364,377.212,132.155,95.313,346.926,184.449,133.029,338.69,210.041,151.756,281.95,554.0,25.0,661.0,224.0,499.0,164.0,2.93,3.162,-1.037,-0.114,3.679,-0.0,-4.211,-4.914,1.748,-0.011,-5.924,0.0
15.775,24.0,52.368,36.02,-17.84,115.28,0.23,53.79,-0.03,0.0,0.0,150.0,0.0,0.0,150.0,-59.221,-43.058,377.508,132.457,96.307,346.56,184.588,134.209,338.144,209.767,152.777,281.168,307.0,111.0,770.0,237.0,600.0,157.0,2.119,2.285,-0.724,-0.057,2.62,0.0,-2.319,-2.385,1.126,0.322,-2.766,0.0
15.866,24.0,43.056,36.18,-17.66,115.22,0.23,53.99,-0.03,0.0,0.0,150.0,0.0,0.0,150.0,-58.524,-42.801,377.737,132.712,97.06,346.293,184.722,135.097,337.741,209.592,153.547,280.591,258.0,27.0,751.0,183.0,411.0,164.0,2.54,2.763,-0.844,-0.058,3.218,0.0,6.429,7.068,-2.57,-0.321,8.661,0.0
15.954,24.0,41.664,36.47,-17.35,115.13,0.22,54.36,-0.03,0.0,0.0,150.0,0.0,0.0,150.0,-57.314,-42.364,378.126,133.113,98.39,345.772,184.902,136.671,336.973,209.209,154.889,279.508,53.0,71.0,886.0,158.0,412.0,156.0,3.259,3.539,-1.176,-0.112,4.158,0.0,1.807,2.147,-1.331,0.007,2.503,-0.0
16.044,24.0,42.96,36.76,-17.03,115.01,0.21,54.73,-0.03,0.0,0.0,150.0,0.0,0.0,150.0,-56.078,-41.89,378.52,133.543,99.758,345.34,185.113,138.281,336.317,208.873,156.272,278.552,218.0,112.0,765.0,157.0,382.0,156.0,2.836,3.119,-1.071,-0.054,3.63,0.0,-4.725,-5.364,1.932,0.326,-6.298,-0.0
16.129,24.0,46.944,36.97,-16.8,114.94,0.21,55.0,-0.03,0.0,0.0,150.0,0.0,0.0,150.0,-55.19,-41.544,378.799,133.835,100.742,344.959,185.244,139.439,335.755,208.59,157.257,277.768,427.0,70.0,594.0,138.0,571.0,156.0,2.433,2.607,-0.846,-0.052,3.06,0.0,-1.562,-2.109,0.98,-0.015,-2.427,0.243
16.221,24.0,42.768,37.19,-16.57,114.86,0.2,55.27,-0.03,0.0,0.0,150.0,0.0,0.0,150.0,-54.298,-41.2,379.075,134.108,101.757,344.615,185.348,140.636,335.243,208.292,158.279,277.042,208.0,116.0,820.0,146.0,336.0,156.0,2.606,2.802,-0.922,-0.057,3.263,0.046,-1.203,-1.078,0.385,-0.016,-1.572,0.269
16.323,24.0,55.872,37.48,-16.25,114.76,0.2,55.64,-0.02,0.0,0.0,150.0,0.0,0.0,150.0,-53.073,-40.695,379.452,134.501,103.132,344.084,185.515,142.248,334.465,207.892,159.642,275.97,387.0,91.0,892.0,146.0,657.0,155.0,2.134,2.33,-0.745,-0.055,2.676,0.047,-0.044,-0.035,0.02,-0.248,-0.042,-0.254
16.418,24.0,54.672,37.62,-16.1,114.71,0.19,55.81,-0.02,0.0,0.0,150.0,0.0,0.0,150.0,-52.497,-40.458,379.626,134.675,103.789,343.846,185.58,143.019,334.115,207.701,160.292,275.486,218.0,360.0,781.0,147.0,616.0,156.0,2.535,2.733,-0.895,-0.102,3.178,0.0,5.811,6.31,-2.267,-0.248,7.584,-0.256
16.519,24.0,50.88,37.99,-15.7,114.58,0.18,56.28,-0.02,0.0,0.0,150.0,0.0,0.0,150.0,-50.97,-39.808,380.083,135.132,105.539,343.19,185.746,145.068,333.156,207.161,162.009,274.17,405.0,144.0,650.0,148.0,627.0,146.0,3.293,3.593,-1.198,-0.1,4.191,0.0,-0.061,0.208,-0.322,0.267,0.257,0.0
16.618,24.0,48.096,38.28,-15.38,114.47,0.17,56.65,-0.02,0.0,0.0,150.0,0.0,0.0,150.0,-49.759,-39.269,380.441,135.498,106.933,342.682,185.882,146.696,332.413,206.747,163.367,273.154,370.0,55.0,729.0,118.0,586.0,146.0,2.553,2.808,-0.97,-0.05,3.268,0.0,-5.061,-5.801,2.053,0.22,-6.374,-0.0
16.714,24.0,47.64,38.49,-15.15,114.39,0.17,56.92,-0.02,0.0,0.0,150.0,0.0,0.0,150.0,-48.89,-38.875,380.694,135.752,107.943,342.317,185.968,147.873,331.88,206.431,164.351,272.426,365.0,65.0,665.0,107.0,672.0,111.0,2.292,2.449,-0.796,-0.056,2.93,-0.0,-0.94,-1.389,0.723,-0.02,-1.214,0.0
16.806,24.0,49.536,38.71,-14.92,114.32,0.16,57.2,-0.02,0.0,0.0,150.0,0.0,0.0,150.0,-48.017,-38.483,380.942,135.975,108.976,341.908,186.015,149.079,331.291,206.063,165.342,271.637,592.0,32.0,721.0,130.0,458.0,131.0,2.362,2.528,-0.826,-0.054,3.022,0.0,2.714,3.388,-1.137,-0.001,3.489,0.0
16.896,24.0,35.616,38.92,-14.69,114.24,0.16,57.47,-0.02,0.0,0.0,150.0,0.0,0.0,150.0,-47.154,-38.076,381.188,136.216,109.991,341.536,186.087,150.261,330.751,205.735,166.322,270.91,102.0,8.0,788.0,136.0,312.0,138.0,2.778,3.056,-1.0,-0.056,3.556,0.0,5.418,6.055,-2.019,-0.329,6.454,0.0
16.986,24.0,41.088,39.21,-14.37,114.14,0.15,57.84,-0.02,0.0,0.0,150.0,0.0,0.0,150.0,-45.96,-37.497,381.522,136.54,111.399,340.966,186.174,151.894,329.936,205.267,167.657,269.836,429.0,53.0,763.0,113.0,237.0,117.0,3.337,3.618,-1.189,-0.113,4.183,0.0,-1.094,-1.717,0.564,0.005,-1.999,0.0
17.073,24.0,41.736,39.51,-14.05,114.03,0.14,58.21,-0.02,0.0,0.0,150.0,0.0,0.0,150.0,-44.765,-36.914,381.85,136.837,112.84,340.43,186.227,153.568,329.166,204.772,169.036,268.818,292.0,59.0,751.0,97.0,423.0,117.0,2.627,2.799,-0.916,-0.058,3.255,0.0,-6.167,-6.814,2.274,0.325,-7.788,0.0
17.163,24.0,39.912,39.67,-13.88,113.98,0.14,58.41,-0.02,0.0,0.0,150.0,0.0,0.0,150.0,-44.132,-36.6,382.021,136.984,113.605,340.109,186.241,154.456,328.71,204.484,169.761,268.229,135.0,249.0,667.0,107.0,414.0,91.0,2.258,2.428,-0.792,-0.057,2.822,0.0,2.301,2.948,-0.971,-0.317,3.281,-0.0
17.251,24.0,29.904,39.91,-13.62,113.89,0.13,58.71,-0.02,0.0,0.0,150.0,0.0,0.0,150.0,-43.17,-36.108,382.279,137.219,114.773,339.668,186.278,155.808,328.08,204.082,170.863,267.405,59.0,116.0,454.0,105.0,403.0,109.0,3.011,3.295,-1.08,-0.114,3.807,-0.0,0.769,1.43,-0.363,0.007,1.452,0.334
17.339,24.0,41.352,40.2,-13.3,113.79,0.12,59.08,-0.02,0.0,0.0,150.0,0.0,0.0,150.0,-41.995,-35.488,382.59,137.501,116.198,339.076,186.318,157.451,327.242,203.573,172.185,266.331,266.0,110.0,598.0,107.0,538.0,104.0,2.393,2.679,-0.856,-0.056,3.078,0.059,-3.471,-3.79,1.257,0.323,-3.764,0.33
17.425,24.0,44.88,40.33,-13.15,113.74,0.12,59.25,-0.01,0.0,0.0,150.0,0.0,0.0,150.0,-41.45,-35.189,382.733,137.644,116.854,338.81,186.351,158.205,326.864,203.353,172.792,265.846,350.0,9.0,525.0,110.0,779.0,97.0,2.393,2.623,-0.856,-0.056,3.134,0.059,2.704,2.345,-0.889,-0.007,3.013,-0.33
17.513,24.0,42.096,40.62,-12.84,113.64,0.11,59.63,-0.01,0.0,0.0,150.0,0.0,0.0,150.0,-40.315,-34.579,383.024,137.883,118.264,338.24,186.347,159.832,326.06,202.803,174.088,264.815,145.0,33.0,703.0,136.0,644.0,93.0,2.875,3.1,-1.014,-0.057,3.612,0.0,2.539,2.495,-0.833,0.003,2.436,-0.338
17.603,24.0,58.176,40.84,-12.6,113.56,0.11,59.89,-0.01,0.0,0.0,150.0,0.0,0.0,150.0,-39.443,-34.094,383.244,138.072,119.349,337.805,186.35,161.08,325.447,202.411,175.106,264.044,139.0,271.0,929.0,156.0,834.0,95.0,2.833,3.056,-1.0,-0.056,3.556,0.0,-0.539,-0.244,0.078,-0.298,-0.003,0.0
17.693,24.0,51.552,41.13,-12.29,113.46,0.1,60.27,-0.01,0.0,0.0,150.0,0.0,0.0,150.0,-38.319,-33.463,383.523,138.29,120.766,337.224,186.322,162.711,324.632,201.841,176.394,263.012,311.0,168.0,713.0,192.0,667.0,97.0,2.778,3.056,-1.0,-0.111,3.611,0.0,-2.619,-2.618,0.67,-0.003,-3.266,0.0
17.783,24.0,40.2,41.34,-12.05,113.38,0.09,60.54,-0.01,0.0,0.0,150.0,0.0,0.0,150.0,-37.461,-32.957,383.734,138.484,121.832,336.78,186.335,163.93,324.01,201.462,177.357,262.237,132.0,264.0,374.0,185.0,624.0,96.0,2.362,2.584,-0.879,-0.056,2.968,0.0,-0.133,-0.471,0.146,0.318,-0.869,0.0
17.875,24.0,34.8,41.56,-11.82,113.3,0.09,60.81,-0.01,0.0,0.0,150.0,0.0,0.0,150.0,-36.632,-32.478,383.932,138.625,122.904,336.365,186.289,165.162,323.428,201.025,178.347,261.509,153.0,0.0,706.0,166.0,352.0,73.0,2.772,2.989,-0.978,-0.054,3.478,0.0,0.486,0.46,0.04,0.011,0.745,0.0
17.967,24.0,39.696,41.85,-11.5,113.2,0.08,61.18,-0.01,0.0,0.0,150.0,0.0,0.0,150.0,-35.493,-31.791,384.202,138.837,124.353,335.736,186.249,166.819,322.555,200.449,179.644,260.435,180.0,16.0,827.0,166.0,387.0,78.0,2.451,2.669,-0.872,-0.054,3.105,0.0,-4.043,-4.333,1.446,-0.003,-4.905,-0.0
18.058,24.0,44.952,42.01,-11.33,113.14,0.08,61.38,-0.01,0.0,0.0,150.0,0.0,0.0,150.0,-34.888,-31.424,384.342,138.937,125.143,335.427,186.211,167.724,322.124,200.125,180.364,259.901,315.0,26.0,658.0,166.0,624.0,84.0,2.033,2.198,-0.714,-0.055,2.582,0.0,1.626,1.941,-0.643,-0.307,2.262,0.0
18.149,24.0,38.304,42.22,-11.1,113.07,0.07,61.65,-0.01,0.0,0.0,150.0,0.0,0.0,150.0,-34.076,-30.92,384.529,139.072,126.191,334.96,186.162,168.92,321.479,199.69,181.29,259.118,121.0,126.0,715.0,146.0,410.0,78.0,2.747,3.022,-0.989,-0.11,3.516,0.0,5.979,6.847,-2.297,-0.006,7.691,-0.0
18.24,24.0,34.104,42.51,-10.78,112.96,0.06,62.02,-0.01,0.0,0.0,150.0,0.0,0.0,150.0,-32.953,-30.206,384.782,139.263,127.655,334.357,186.099,170.588,320.643,199.105,182.592,258.099,104.0,82.0,529.0,179.0,449.0,78.0,3.121,3.444,-1.132,-0.056,3.982,-0.0,-0.373,-0.682,0.403,0.315,-0.759,-0.0
18.335,24.0,47.088,42.8,-10.46,112.86,0.06,62.39,-0.01,0.0,0.0,150.0,0.0,0.0,150.0,-31.837,-29.481,385.028,139.434,129.117,333.707,186.014,172.251,319.749,198.485,183.882,257.026,534.0,115.0,588.0,185.0,490.0,50.0,2.641,2.852,-0.898,-0.053,3.327,-0.0,-5.203,-6.056,2.025,0.017,-6.639,-0.0
18.429,24.0,41.928,43.01,-10.24,112.79,0.05,62.65,-0.01,0.0,0.0,150.0,0.0,0.0,150.0,-31.068,-28.982,385.193,139.521,130.151,333.26,185.916,173.43,319.137,198.023,184.793,256.293,129.0,37.0,681.0,185.0,631.0,84.0,2.138,2.299,-0.749,-0.053,2.727,-0.0,0.85,1.193,-0.479,-0.011,1.579,0.3
18.522,24.0,46.68,43.2,-10.03,112.72,0.05,62.9,-0.01,0.0,0.0,150.0,0.0,0.0,150.0,-30.343,-28.494,385.347,139.624,131.116,332.845,185.85,174.525,318.566,197.607,185.635,255.611,222.0,81.0,796.0,193.0,575.0,78.0,2.788,3.061,-0.983,-0.056,3.607,0.056,2.894,3.194,-0.963,-0.313,3.532,0.294
18.613,24.0,39.528,43.52,-9.68,112.61,0.04,63.31,-0.0,0.0,0.0,150.0,0.0,0.0,150.0,-29.141,-27.673,385.597,139.772,132.731,332.118,185.711,176.356,317.574,196.894,187.032,254.439,299.0,70.0,553.0,175.0,478.0,72.0,2.687,2.907,-0.932,-0.109,3.4,0.055,-5.336,-6.227,2.075,0.002,-7.412,-0.3
18.705,24.0,41.088,43.69,-9.5,112.55,0.03,63.52,-0.0,0.0,0.0,150.0,0.0,0.0,150.0,-28.523,-27.248,385.722,139.831,133.579,331.756,185.618,177.319,317.079,196.514,187.769,253.856,246.0,117.0,669.0,170.0,436.0,74.0,1.803,1.912,-0.601,-0.054,2.24,0.0,-5.278,-5.869,2.057,0.289,-6.744,-0.299
18.796,24.0,50.088,43.85,-9.33,112.5,0.03,63.72,-0.0,0.0,0.0,150.0,0.0,0.0,150.0,-27.942,-26.843,385.838,139.881,134.375,331.384,185.523,178.221,316.575,196.134,188.457,253.269,298.0,68.0,836.0,185.0,613.0,87.0,1.712,1.823,-0.553,-0.056,2.154,0.0,-1.284,-0.946,0.21,-0.005,-1.216,0.0
18.886,24.0,38.76,44.0,-9.17,112.45,0.02,63.91,-0.0,0.0,0.0,150.0,0.0,0.0,150.0,-27.398,-26.458,385.946,139.927,135.126,331.045,185.433,179.071,316.114,195.786,189.097,252.732,260.0,43.0,539.0,216.0,474.0,83.0,1.571,1.741,-0.562,-0.055,2.02,0.0,0.1,0.425,-0.656,0.321,0.438,0.0
18.974,24.0,42.768,44.13,-9.02,112.4,0.02,64.08,-0.0,0.0,0.0,150.0,0.0,0.0,150.0,-26.895,-26.09,386.044,139.994,135.806,330.738,185.382,179.836,315.696,195.498,189.677,252.247,300.0,103.0,475.0,212.0,603.0,89.0,1.723,1.893,-0.667,-0.0,2.225,0.0,-0.691,-1.008,0.328,0.317,-0.712,0.0
19.065,24.0,43.248,44.31,-8.83,112.33,0.02,64.31,-0.0,0.0,0.0,150.0,0.0,0.0,150.0,-26.252,-25.628,386.167,140.044,136.711,330.374,185.271,180.861,315.2,195.078,190.463,251.666,208.0,158.0,866.0,195.0,289.0,86.0,1.432,1.544,-0.494,0.0,1.875,0.0,-2.432,-2.581,1.26,-0.221,-2.864,0.0
19.154,24.0,36.408,44.39,-8.74,112.31,0.02,64.42,-0.0,0.0,0.0,150.0,0.0,0.0,150.0,-25.951,-25.405,386.225,140.069,137.118,330.147,185.221,181.319,314.896,194.872,190.795,251.319,109.0,38.0,771.0,205.0,296.0,98.0,1.283,1.423,-0.438,-0.039,1.705,0.0,-1.195,-1.252,0.354,-0.246,-1.806,0.0
19.267,24.0,43.704,44.59,-8.52,112.23,0.01,64.68,-0.0,0.0,0.0,150.0,0.0,0.0,150.0,-25.216,-24.858,386.362,140.138,138.146,329.718,185.108,182.478,314.312,194.417,191.669,250.642,234.0,35.0,946.0,230.0,282.0,94.0,1.218,1.296,-0.438,-0.039,1.515,0.0,-2.149,-2.562,1.051,0.242,-3.175,0.0
19.357,24.0,37.272,44.66,-8.45,112.21,0.01,64.76,-0.0,0.0,0.0,150.0,0.0,0.0,150.0,-24.981,-24.686,386.406,140.139,138.485,329.558,185.046,182.863,314.097,194.24,191.963,250.398,272.0,133.0,661.0,237.0,154.0,96.0,0.911,0.963,-0.268,-0.0,1.122,0.0,-2.113,-1.995,0.731,-0.041,-2.343,0.0
19.452,24.0,45.336,44.76,-8.34,112.18,0.01,64.89,-0.0,0.0,0.0,150.0,0.0,0.0,150.0,-24.615,-24.41,386.473,140.163,138.993,329.301,184.977,183.434,313.752,193.99,192.386,250.006,300.0,123.0,820.0,237.0,299.0,110.0,0.84,0.945,-0.314,-0.052,1.102,0.0,-0.873,-0.867,0.019,-0.271,-0.862,0.0
19.548,24.0,38.904,44.82,-8.27,112.15,0.0,64.97,-0.0,0.0,0.0,150.0,0.0,0.0,150.0,-24.385,-24.232,386.515,140.194,139.316,329.181,184.954,183.795,313.588,193.869,192.655,249.815,103.0,71.0,773.0,166.0,408.0,100.0,0.744,0.796,-0.263,-0.051,0.956,0.0,-0.788,-1.342,0.553,0.283,-1.33,0.0
19.641,24.0,39.336,44.9,-8.19,112.13,0.0,65.07,-0.0,0.0,0.0,150.0,0.0,0.0,150.0,-24.117,-24.033,386.562,140.19,139.702,328.986,184.877,184.232,313.327,193.654,192.979,249.519,101.0,30.0,875.0,182.0,352.0,99.0,0.69,0.69,-0.21,0.0,0.85,0.0,-1.409,-1.691,0.57,0.283,-1.971,0.0
19.739,24.0,36.936,44.95,-8.14,112.11,0.0,65.13,-0.0,0.0,0.0,150.0,0.0,0.0,150.0,-23.95,-23.908,386.592,140.193,139.949,328.894,184.835,184.512,313.202,193.533,193.196,249.375,178.0,49.0,783.0,213.0,218.0,98.0,0.467,0.467,-0.154,-0.0,0.571,0.0,-2.206,-1.913,0.827,0.0,-2.177,0.0
19.833,24.0,36.408,44.99,-8.1,112.1,-0.0,65.18,-0.0,0.0,0.0,150.0,0.0,0.0,150.0,-23.816,-23.808,386.616,140.191,140.142,328.796,184.795,184.731,313.071,193.425,193.358,249.227,69.0,68.0,786.0,218.0,279.0,97.0,0.266,0.32,-0.053,0.0,0.427,0.0,-2.215,-1.936,0.822,0.0,-2.214,0.0
19.926,24.0,28.656,45.0,-8.08,112.1,-0.0,65.21,-0.0,0.0,0.0,150.0,0.0,0.0,150.0,-23.754,-23.754,386.627,140.211,140.211,328.727,184.803,184.803,312.98,193.392,193.392,249.125,81.0,9.0,683.0,217.0,107.0,97.0,0.053,0.106,0.0,0.0,0.159,0.0,-1.424,-1.729,0.28,0.0,-2.313,0.0
20.016,24.0,27.864,45.0,-8.08,112.1,-0.0,65.21,-0.0,0.0,0.0,150.0,0.0,0.0,150.0,-23.754,-23.754,386.627,140.211,140.211,328.727,184.803,184.803,312.98,193.392,193.392,249.125,137.0,0.0,594.0,216.0,117.0,97.0,0.0,-0.0,0.0,0.0,0.0,0.0,-0.294,-0.588,0.0,0.0,-0.881,0.0
20.106,24.0,28.032,45.0,-8.08,112.1,-0.0,65.21,-0.0,0.0,0.0,150.0,0.0,0.0,150.0,-23.754,-23.754,386.627,140.211,140.211,328.727,184.803,184.803,312.98,193.392,193.392,249.125,28.0,0.0,848.0,107.0,87.0,98.0,0.0,0.0,0.0,0.0,0.0,0.0,0.0,0.0,0.0,0.0,0.0,0.0
