Step,Time (s),CRI Command
0,0.0000,CMD Move Joint 12.8020 -37.7712 101.3714 12.9660 68.1160 0.0000 0.0 0.0 0.0 62.0
1,0.0333,CMD Move Joint 12.8045 -37.7644 101.3748 12.9713 68.1174 0.0000 0.0 0.0 0.0 62.0
2,0.0667,CMD Move Joint 12.8121 -37.7444 101.3849 12.9869 68.1217 0.0000 0.0 0.0 0.0 62.0
3,0.1000,CMD Move Joint 12.8247 -37.7112 101.4015 13.0128 68.1288 0.0000 0.0 0.0 0.0 62.0
4,0.1333,CMD Move Joint 12.8422 -37.6651 101.4246 13.0487 68.1386 0.0000 0.0 0.0 0.0 62.0
5,0.1667,CMD Move Joint 12.8644 -37.6064 101.4540 13.0945 68.1512 0.0000 0.0 0.0 0.0 62.0
6,0.2000,CMD Move Joint 12.8914 -37.5352 101.4897 13.1500 68.1664 0.0000 0.0 0.0 0.0 62.0
7,0.2333,CMD Move Joint 12.9230 -37.4518 101.5314 13.2150 68.1842 0.0000 0.0 0.0 0.0 62.0
8,0.2667,CMD Move Joint 12.9591 -37.3564 101.5792 13.2894 68.2046 0.0000 0.0 0.0 0.0 62.0
9,0.3000,CMD Move Joint 12.9997 -37.2493 101.6329 13.3729 68.2275 0.0000 0.0 0.0 0.0 62.0
10,0.3333,CMD Move Joint 13.0447 -37.1307 101.6923 13.4654 68.2528 0.0000 0.0 0.0 0.0 62.0
11,0.3667,CMD Move Joint 13.0939 -37.0007 101.7574 13.5667 68.2806 0.0000 0.0 0.0 0.0 62.0
12,0.4000,CMD Move Joint 13.1474 -36.8597 101.8281 13.6766 68.3108 0.0000 0.0 0.0 0.0 62.0
13,0.4333,CMD Move Joint 13.2049 -36.7078 101.9042 13.7950 68.3432 0.0000 0.0 0.0 0.0 62.0
14,0.4667,CMD Move Joint 13.2665 -36.5454 101.9856 13.9217 68.3779 0.0000 0.0 0.0 0.0 62.0
15,0.5000,CMD Move Joint 13.3320 -36.3725 102.0722 14.0565 68.4149 0.0000 0.0 0.0 0.0 62.0
16,0.5333,CMD Move Joint 13.4014 -36.1894 102.1640 14.1992 68.4540 0.0000 0.0 0.0 0.0 62.0
17,0.5667,CMD Move Joint 13.4746 -35.9964 102.2607 14.3497 68.4952 0.0000 0.0 0.0 0.0 62.0
18,0.6000,CMD Move Joint 13.5514 -35.7936 102.3623 14.5078 68.5386 0.0000 0.0 0.0 0.0 62.0
19,0.6333,CMD Move Joint 13.6318 -35.5814 102.4686 14.6733 68.5839 0.0000 0.0 0.0 0.0 62.0
20,0.6667,CMD Move Joint 13.7158 -35.3599 102.5796 14.8460 68.6313 0.0000 0.0 0.0 0.0 62.0
21,0.7000,CMD Move Joint 13.8031 -35.1294 102.6951 15.0257 68.6805 0.0000 0.0 0.0 0.0 62.0
22,0.7333,CMD Move Joint 13.8938 -34.8900 102.8150 15.2123 68.7317 0.0000 0.0 0.0 0.0 62.0
23,0.7667,CMD Move Joint 13.9878 -34.6421 102.9393 15.4056 68.7847 0.0000 0.0 0.0 0.0 62.0
24,0.8000,CMD Move Joint 14.0849 -34.3857 103.0677 15.6055 68.8394 0.0000 0.0 0.0 0.0 62.0
25,0.8333,CMD Move Joint 14.1851 -34.1213 103.2002 15.8116 68.8959 0.0000 0.0 0.0 0.0 62.0
26,0.8667,CMD Move Joint 14.2884 -33.8489 103.3366 16.0240 68.9541 0.0000 0.0 0.0 0.0 62.0
27,0.9000,CMD Move Joint 14.3945 -33.5689 103.4770 16.2423 69.0140 0.0000 0.0 0.0 0.0 62.0
28,0.9333,CMD Move Joint 14.5034 -33.2814 103.6210 16.4665 69.0754 0.0000 0.0 0.0 0.0 62.0
29,0.9667,CMD Move Joint 14.6151 -32.9866 103.7687 16.6963 69.1384 0.0000 0.0 0.0 0.0 62.0
30,1.0000,CMD Move Joint 14.7295 -32.6849 103.9199 16.9315 69.2029 0.0000 0.0 0.0 0.0 62.0
31,1.0333,CMD Move Joint 14.8464 -32.3763 104.0745 17.1721 69.2688 0.0000 0.0 0.0 0.0 62.0
32,1.0667,CMD Move Joint 14.9658 -32.0613 104.2324 17.4177 69.3362 0.0000 0.0 0.0 0.0 62.0
33,1.1000,CMD Move Joint 15.0876 -31.7398 104.3934 17.6683 69.4049 0.0000 0.0 0.0 0.0 62.0
34,1.1333,CMD Move Joint 15.2117 -31.4123 104.5575 17.9237 69.4748 0.0000 0.0 0.0 0.0 62.0
35,1.1667,CMD Move Joint 15.3381 -31.0789 104.7245 18.1836 69.5461 0.0000 0.0 0.0 0.0 62.0
36,1.2000,CMD Move Joint 15.4666 -30.7399 104.8944 18.4479 69.6185 0.0000 0.0 0.0 0.0 62.0
37,1.2333,CMD Move Joint 15.5971 -30.3954 105.0670 18.7165 69.6922 0.0000 0.0 0.0 0.0 62.0
38,1.2667,CMD Move Joint 15.7296 -30.0457 105.2422 18.9891 69.7669 0.0000 0.0 0.0 0.0 62.0
39,1.3000,CMD Move Joint 15.8640 -29.6911 105.4199 19.2656 69.8427 0.0000 0.0 0.0 0.0 62.0
40,1.3333,CMD Move Joint 16.0002 -29.3317 105.6000 19.5458 69.9195 0.0000 0.0 0.0 0.0 62.0
41,1.3667,CMD Move Joint 16.1381 -28.9678 105.7823 19.8296 69.9972 0.0000 0.0 0.0 0.0 62.0
42,1.4000,CMD Move Joint 16.2777 -28.5996 105.9668 20.1166 70.0759 0.0000 0.0 0.0 0.0 62.0
43,1.4333,CMD Move Joint 16.4188 -28.2273 106.1534 20.4069 70.1555 0.0000 0.0 0.0 0.0 62.0
44,1.4667,CMD Move Joint 16.5613 -27.8511 106.3418 20.7001 70.2359 0.0000 0.0 0.0 0.0 62.0
45,1.5000,CMD Move Joint 16.7052 -27.4714 106.5321 20.9962 70.3170 0.0000 0.0 0.0 0.0 62.0
46,1.5333,CMD Move Joint 16.8504 -27.0883 106.7240 21.2949 70.3989 0.0000 0.0 0.0 0.0 62.0
47,1.5667,CMD Move Joint 16.9968 -26.7020 106.9176 21.5961 70.4814 0.0000 0.0 0.0 0.0 62.0
48,1.6000,CMD Move Joint 17.1443 -26.3127 107.1126 21.8995 70.5646 0.0000 0.0 0.0 0.0 62.0
49,1.6333,CMD Move Joint 17.2928 -25.9208 107.3090 22.2051 70.6484 0.0000 0.0 0.0 0.0 62.0
50,1.6667,CMD Move Joint 17.4423 -25.5264 107.5066 22.5126 70.7326 0.0000 0.0 0.0 0.0 62.0
51,1.7000,CMD Move Joint 17.5926 -25.1297 107.7054 22.8219 70.8174 0.0000 0.0 0.0 0.0 62.0
52,1.7333,CMD Move Joint 17.7437 -24.7309 107.9052 23.1328 70.9026 0.0000 0.0 0.0 0.0 62.0
53,1.7667,CMD Move Joint 17.8955 -24.3304 108.1059 23.4451 70.9882 0.0000 0.0 0.0 0.0 62.0
54,1.8000,CMD Move Joint 18.0479 -23.9283 108.3073 23.7586 71.0742 0.0000 0.0 0.0 0.0 62.0
55,1.8333,CMD Move Joint 18.2008 -23.5248 108.5095 24.0731 71.1604 0.0000 0.0 0.0 0.0 62.0
56,1.8667,CMD Move Joint 18.3542 -23.1202 108.7122 24.3886 71.2468 0.0000 0.0 0.0 0.0 62.0
57,1.9000,CMD Move Joint 18.5078 -22.7147 108.9154 24.7047 71.3335 0.0000 0.0 0.0 0.0 62.0
58,1.9333,CMD Move Joint 18.6618 -22.3085 109.1189 25.0214 71.4203 0.0000 0.0 0.0 0.0 62.0
59,1.9667,CMD Move Joint 18.8159 -21.9019 109.3227 25.3385 71.5072 0.0000 0.0 0.0 0.0 62.0
60,2.0000,CMD Move Joint 18.9701 -21.4950 109.5265 25.6557 71.5941 0.0000 0.0 0.0 0.0 62.0
61,2.0333,CMD Move Joint 19.1242 -21.0881 109.7304 25.9729 71.6811 0.0000 0.0 0.0 0.0 62.0
62,2.0667,CMD Move Joint 19.2783 -20.6815 109.9341 26.2899 71.7680 0.0000 0.0 0.0 0.0 62.0
63,2.1000,CMD Move Joint 19.4323 -20.2753 110.1377 26.6066 71.8548 0.0000 0.0 0.0 0.0 62.0
64,2.1333,CMD Move Joint 19.5860 -19.8698 110.3408 26.9228 71.9414 0.0000 0.0 0.0 0.0 62.0
65,2.1667,CMD Move Joint 19.7393 -19.4652 110.5436 27.2382 72.0279 0.0000 0.0 0.0 0.0 62.0
66,2.2000,CMD Move Joint 19.8922 -19.0617 110.7457 27.5528 72.1141 0.0000 0.0 0.0 0.0 62.0
67,2.2333,CMD Move Joint 20.0446 -18.6596 110.9472 27.8663 72.2001 0.0000 0.0 0.0 0.0 62.0
68,2.2667,CMD Move Joint 20.1964 -18.2590 111.1479 28.1786 72.2856 0.0000 0.0 0.0 0.0 62.0
69,2.3000,CMD Move Joint 20.3475 -17.8603 111.3477 28.4894 72.3709 0.0000 0.0 0.0 0.0 62.0
70,2.3333,CMD Move Joint 20.4978 -17.4636 111.5464 28.7987 72.4556 0.0000 0.0 0.0 0.0 62.0
71,2.3667,CMD Move Joint 20.6473 -17.0692 111.7441 29.1062 72.5399 0.0000 0.0 0.0 0.0 62.0
72,2.4000,CMD Move Joint 20.7958 -16.6772 111.9404 29.4118 72.6237 0.0000 0.0 0.0 0.0 62.0
73,2.4333,CMD Move Joint 20.9433 -16.2880 112.1355 29.7153 72.7068 0.0000 0.0 0.0 0.0 62.0
74,2.4667,CMD Move Joint 21.0897 -15.9017 112.3290 30.0165 72.7894 0.0000 0.0 0.0 0.0 62.0
75,2.5000,CMD Move Joint 21.2349 -15.5186 112.5210 30.3152 72.8713 0.0000 0.0 0.0 0.0 62.0
76,2.5333,CMD Move Joint 21.3788 -15.1388 112.7113 30.6112 72.9524 0.0000 0.0 0.0 0.0 62.0
77,2.5667,CMD Move Joint 21.5213 -14.7627 112.8997 30.9045 73.0328 0.0000 0.0 0.0 0.0 62.0
78,2.6000,CMD Move Joint 21.6624 -14.3904 113.0862 31.1947 73.1124 0.0000 0.0 0.0 0.0 62.0
79,2.6333,CMD Move Joint 21.8020 -14.0222 113.2707 31.4818 73.1910 0.0000 0.0 0.0 0.0 62.0
80,2.6667,CMD Move Joint 21.9399 -13.6583 113.4531 31.7655 73.2688 0.0000 0.0 0.0 0.0 62.0
81,2.7000,CMD Move Joint 22.0761 -13.2989 113.6331 32.0457 73.3456 0.0000 0.0 0.0 0.0 62.0
82,2.7333,CMD Move Joint 22.2105 -12.9443 113.8108 32.3222 73.4214 0.0000 0.0 0.0 0.0 62.0
83,2.7667,CMD Move Joint 22.3430 -12.5946 113.9860 32.5949 73.4961 0.0000 0.0 0.0 0.0 62.0
84,2.8000,CMD Move Joint 22.4735 -12.2501 114.1586 32.8634 73.5697 0.0000 0.0 0.0 0.0 62.0
85,2.8333,CMD Move Joint 22.6020 -11.9111 114.3285 33.1278 73.6422 0.0000 0.0 0.0 0.0 62.0
86,2.8667,CMD Move Joint 22.7284 -11.5777 114.4956 33.3877 73.7134 0.0000 0.0 0.0 0.0 62.0
87,2.9000,CMD Move Joint 22.8525 -11.2501 114.6597 33.6430 73.7834 0.0000 0.0 0.0 0.0 62.0
88,2.9333,CMD Move Joint 22.9743 -10.9287 114.8207 33.8936 73.8521 0.0000 0.0 0.0 0.0 62.0
89,2.9667,CMD Move Joint 23.0937 -10.6136 114.9786 34.1393 73.9194 0.0000 0.0 0.0 0.0 62.0
90,3.0000,CMD Move Joint 23.2106 -10.3051 115.1332 34.3798 73.9854 0.0000 0.0 0.0 0.0 62.0
91,3.0333,CMD Move Joint 23.3250 -10.0034 115.2844 34.6151 74.0499 0.0000 0.0 0.0 0.0 62.0
92,3.0667,CMD Move Joint 23.4367 -9.7086 115.4320 34.8449 74.1128 0.0000 0.0 0.0 0.0 62.0
93,3.1000,CMD Move Joint 23.5456 -9.4211 115.5761 35.0690 74.1743 0.0000 0.0 0.0 0.0 62.0
94,3.1333,CMD Move Joint 23.6517 -9.1411 115.7164 35.2874 74.2341 0.0000 0.0 0.0 0.0 62.0
95,3.1667,CMD Move Joint 23.7550 -8.8687 115.8529 35.4997 74.2923 0.0000 0.0 0.0 0.0 62.0
96,3.2000,CMD Move Joint 23.8552 -8.6042 115.9854 35.7059 74.3488 0.0000 0.0 0.0 0.0 62.0
97,3.2333,CMD Move Joint 23.9523 -8.3479 116.1138 35.9057 74.4036 0.0000 0.0 0.0 0.0 62.0
98,3.2667,CMD Move Joint 24.0463 -8.1000 116.2380 36.0991 74.4566 0.0000 0.0 0.0 0.0 62.0
99,3.3000,CMD Move Joint 24.1370 -7.8606 116.3580 36.2857 74.5077 0.0000 0.0 0.0 0.0 62.0
100,3.3333,CMD Move Joint 24.2244 -7.6301 116.4735 36.4654 74.5570 0.0000 0.0 0.0 0.0 62.0
101,3.3667,CMD Move Joint 24.3083 -7.4086 116.5845 36.6381 74.6043 0.0000 0.0 0.0 0.0 62.0
102,3.4000,CMD Move Joint 24.3887 -7.1963 116.6908 36.8036 74.6497 0.0000 0.0 0.0 0.0 62.0
103,3.4333,CMD Move Joint 24.4656 -6.9936 116.7924 36.9616 74.6930 0.0000 0.0 0.0 0.0 62.0
104,3.4667,CMD Move Joint 24.5387 -6.8006 116.8891 37.1121 74.7343 0.0000 0.0 0.0 0.0 62.0
105,3.5000,CMD Move Joint 24.6081 -6.6175 116.9808 37.2548 74.7734 0.0000 0.0 0.0 0.0 62.0
106,3.5333,CMD Move Joint 24.6736 -6.4446 117.0674 37.3896 74.8103 0.0000 0.0 0.0 0.0 62.0
107,3.5667,CMD Move Joint 24.7352 -6.2821 117.1489 37.5163 74.8451 0.0000 0.0 0.0 0.0 62.0
108,3.6000,CMD Move Joint 24.7927 -6.1303 117.2250 37.6347 74.8775 0.0000 0.0 0.0 0.0 62.0
109,3.6333,CMD Move Joint 24.8462 -5.9892 117.2956 37.7447 74.9077 0.0000 0.0 0.0 0.0 62.0
110,3.6667,CMD Move Joint 24.8954 -5.8593 117.3607 37.8460 74.9354 0.0000 0.0 0.0 0.0 62.0
111,3.7000,CMD Move Joint 24.9404 -5.7406 117.4202 37.9385 74.9608 0.0000 0.0 0.0 0.0 62.0
112,3.7333,CMD Move Joint 24.9810 -5.6335 117.4738 38.0220 74.9837 0.0000 0.0 0.0 0.0 62.0
113,3.7667,CMD Move Joint 25.0171 -5.5382 117.5216 38.0964 75.0040 0.0000 0.0 0.0 0.0 62.0
114,3.8000,CMD Move Joint 25.0487 -5.4548 117.5634 38.1614 75.0219 0.0000 0.0 0.0 0.0 62.0
115,3.8333,CMD Move Joint 25.0757 -5.3836 117.5991 38.2169 75.0371 0.0000 0.0 0.0 0.0 62.0
116,3.8667,CMD Move Joint 25.0979 -5.3249 117.6285 38.2626 75.0496 0.0000 0.0 0.0 0.0 62.0
117,3.9000,CMD Move Joint 25.1154 -5.2788 117.6516 38.2986 75.0595 0.0000 0.0 0.0 0.0 62.0
118,3.9333,CMD Move Joint 25.1280 -5.2456 117.6682 38.3244 75.0666 0.0000 0.0 0.0 0.0 62.0
119,3.9667,CMD Move Joint 25.1356 -5.2255 117.6783 38.3401 75.0709 0.0000 0.0 0.0 0.0 62.0
120,4.0000,CMD Move Joint 25.1381 -5.2188 117.6816 38.3454 75.0723 0.0000 0.0 0.0 0.0 62.0
