timestamp,q1,q2,q3,q4,q5,q6,qdot1,qdot2,qdot3,qdot4,qdot5,qdot6,current1,current2,current3,current4,current5,current6,qddot1,qddot2,qddot3,qddot4,qddot5,qddot6,experiment_id,trajectory_id,run_id,commanded_speed,payload_g,contact_label,grasp_context,thermal_condition
509083.5185269,45.0,-8.08,112.1,-0.0,65.21,-0.0,0.0,0.0,0.0,0.0,0.0,0.0,0.0,166.0,42.0,54.0,9.0,9.0,0.0,0.0,0.0,0.0,0.0,0.0,ID_NORMAL_001,JOINT2_SWEEP_MEDIUM,RUN_01,50.0,0.0,NORMAL,NONE,COLD
509083.5278735,45.0,-8.08,112.1,-0.0,65.21,-0.0,0.0,0.0,0.0,0.0,0.0,0.0,0.0,166.0,42.0,53.0,9.0,9.0,0.0,0.0,0.0,0.0,0.0,0.0,ID_NORMAL_001,JOINT2_SWEEP_MEDIUM,RUN_01,50.0,0.0,NORMAL,NONE,COLD
509083.582336,45.0,-8.08,112.1,-0.0,65.21,-0.0,0.0,0.0,0.0,0.0,0.0,0.0,0.0,167.0,43.0,52.0,9.0,9.0,0.0,0.0,0.0,0.0,0.0,0.0,ID_NORMAL_001,JOINT2_SWEEP_MEDIUM,RUN_01,50.0,0.0,NORMAL,NONE,COLD
509083.582336,45.0,-8.08,112.1,-0.0,65.21,-0.0,0.0,0.0,0.0,0.0,0.0,0.0,0.0,166.0,43.0,52.0,9.0,9.0,0.0,0.0,0.0,0.0,0.0,0.0,ID_NORMAL_001,JOINT2_SWEEP_MEDIUM,RUN_01,50.0,0.0,NORMAL,NONE,COLD
509083.6286033,45.0,-8.08,112.1,-0.0,65.21,-0.0,0.0,0.0,0.0,0.0,0.0,0.0,0.0,166.0,41.0,52.0,9.0,9.0,0.0,0.0,0.0,0.0,0.0,0.0,ID_NORMAL_001,JOINT2_SWEEP_MEDIUM,RUN_01,50.0,0.0,NORMAL,NONE,COLD
509083.676055,45.0,-8.08,112.1,-0.0,65.21,-0.0,0.0,0.0,0.0,0.0,0.0,0.0,0.0,167.0,44.0,52.0,9.0,9.0,0.0,0.0,0.0,0.0,0.0,0.0,ID_NORMAL_001,JOINT2_SWEEP_MEDIUM,RUN_01,50.0,0.0,NORMAL,NONE,COLD
509083.676055,45.0,-8.08,112.1,-0.0,65.21,-0.0,0.0,0.0,0.0,0.0,0.0,0.0,0.0,166.0,42.0,53.0,9.0,9.0,0.0,0.0,0.0,0.0,0.0,0.0,ID_NORMAL_001,JOINT2_SWEEP_MEDIUM,RUN_01,50.0,0.0,NORMAL,NONE,COLD
509083.7228635,45.0,-8.08,112.1,-0.0,65.21,-0.0,0.0,0.0,0.0,0.0,0.0,0.0,0.0,166.0,45.0,54.0,9.0,9.0,0.0,0.0,0.0,0.0,0.0,0.0,ID_NORMAL_001,JOINT2_SWEEP_MEDIUM,RUN_01,50.0,0.0,NORMAL,NONE,COLD
509083.7228635,45.0,-8.08,112.1,-0.0,65.21,-0.0,0.0,0.0,0.0,0.0,0.0,0.0,0.0,166.0,41.0,53.0,9.0,9.0,0.0,0.0,0.0,0.0,0.0,0.0,ID_NORMAL_001,JOINT2_SWEEP_MEDIUM,RUN_01,50.0,0.0,NORMAL,NONE,COLD
509083.7446599,45.0,-8.08,112.1,-0.0,65.21,-0.0,0.0,0.0,0.0,0.0,0.0,0.0,0.0,166.0,43.0,53.0,9.0,9.0,0.0,0.0,0.0,0.0,0.0,0.0,ID_NORMAL_001,JOINT2_SWEEP_MEDIUM,RUN_01,50.0,0.0,NORMAL,NONE,COLD
509083.7995511,45.0,-8.08,112.1,-0.0,65.21,-0.0,0.0,0.0,0.0,0.0,0.0,0.0,0.0,166.0,41.0,53.0,9.0,9.0,0.0,0.0,0.0,0.0,0.0,0.0,ID_NORMAL_001,JOINT2_SWEEP_MEDIUM,RUN_01,50.0,0.0,NORMAL,NONE,COLD
509083.846154,45.0,-8.08,112.1,-0.0,65.21,-0.0,0.0,0.0,0.0,0.0,0.0,0.0,0.0,166.0,43.0,53.0,9.0,9.0,0.0,0.0,0.0,0.0,0.0,0.0,ID_NORMAL_001,JOINT2_SWEEP_MEDIUM,RUN_01,50.0,0.0,NORMAL,NONE,COLD
509083.846154,45.0,-8.08,112.1,-0.0,65.21,-0.0,0.0,0.0,0.0,0.0,0.0,0.0,0.0,166.0,43.0,56.0,9.0,9.0,0.0,0.0,0.0,0.0,0.0,0.0,ID_NORMAL_001,JOINT2_SWEEP_MEDIUM,RUN_01,50.0,0.0,NORMAL,NONE,COLD
509083.8942687,45.0,-8.08,112.1,-0.0,65.21,-0.0,0.0,0.0,0.0,0.0,0.0,0.0,0.0,166.0,44.0,54.0,9.0,9.0,0.0,0.0,0.0,0.0,0.0,0.0,ID_NORMAL_001,JOINT2_SWEEP_MEDIUM,RUN_01,50.0,0.0,NORMAL,NONE,COLD
509083.8942687,45.0,-8.08,112.1,-0.0,65.21,-0.0,0.0,0.0,0.0,0.0,0.0,0.0,0.0,166.0,43.0,52.0,9.0,9.0,0.0,0.0,0.0,0.0,0.0,0.0,ID_NORMAL_001,JOINT2_SWEEP_MEDIUM,RUN_01,50.0,0.0,NORMAL,NONE,COLD
509083.9324935,45.0,-8.08,112.1,-0.0,65.21,-0.0,0.0,0.0,0.0,0.0,0.0,0.0,0.0,166.0,42.0,54.0,9.0,9.0,0.0,0.0,0.0,0.0,0.0,0.0,ID_NORMAL_001,JOINT2_SWEEP_MEDIUM,RUN_01,50.0,0.0,NORMAL,NONE,COLD
509083.9740607,45.0,-8.08,112.1,-0.0,65.21,-0.0,0.0,0.0,0.0,0.0,0.0,0.0,0.0,166.0,43.0,50.0,9.0,9.0,0.0,0.0,0.0,0.0,0.0,0.0,ID_NORMAL_001,JOINT2_SWEEP_MEDIUM,RUN_01,50.0,0.0,NORMAL,NONE,COLD
509083.9740607,45.0,-8.08,112.1,-0.0,65.21,-0.0,0.0,0.0,0.0,0.0,0.0,0.0,0.0,166.0,43.0,53.0,10.0,9.0,0.0,0.0,0.0,0.0,0.0,0.0,ID_NORMAL_001,JOINT2_SWEEP_MEDIUM,RUN_01,50.0,0.0,NORMAL,NONE,COLD
509084.0264473,45.0,-8.08,112.1,-0.0,65.21,-0.0,0.0,0.0,0.0,0.0,0.0,0.0,0.0,166.0,42.0,52.0,9.0,9.0,0.0,0.0,0.0,0.0,0.0,0.0,ID_NORMAL_001,JOINT2_SWEEP_MEDIUM,RUN_01,50.0,0.0,NORMAL,NONE,COLD
509084.0264473,45.0,-8.08,112.1,-0.0,65.21,-0.0,0.0,0.0,0.0,0.0,0.0,0.0,0.0,166.0,42.0,53.0,9.0,9.0,0.0,0.0,0.0,0.0,0.0,0.0,ID_NORMAL_001,JOINT2_SWEEP_MEDIUM,RUN_01,50.0,0.0,NORMAL,NONE,COLD
509084.0647178,45.0,-8.08,112.1,-0.0,65.21,-0.0,0.0,0.0,0.0,0.0,0.0,0.0,0.0,166.0,42.0,53.0,9.0,9.0,0.0,0.0,0.0,0.0,0.0,0.0,ID_NORMAL_001,JOINT2_SWEEP_MEDIUM,RUN_01,50.0,0.0,NORMAL,NONE,COLD
509084.1168753,45.0,-8.08,112.1,-0.0,65.21,-0.0,0.0,0.0,0.0,0.0,0.0,0.0,0.0,166.0,44.0,54.0,9.0,9.0,0.0,0.0,0.0,0.0,0.0,0.0,ID_NORMAL_001,JOINT2_SWEEP_MEDIUM,RUN_01,50.0,0.0,NORMAL,NONE,COLD
509084.1168753,45.0,-8.08,112.1,-0.0,65.21,-0.0,0.0,0.0,0.0,0.0,0.0,0.0,0.0,166.0,42.0,53.0,9.0,9.0,0.0,0.0,0.0,0.0,0.0,0.0,ID_NORMAL_001,JOINT2_SWEEP_MEDIUM,RUN_01,50.0,0.0,NORMAL,NONE,COLD
509084.1357111,45.0,-8.08,112.1,-0.0,65.21,-0.0,0.0,0.0,0.0,0.0,0.0,0.0,0.0,166.0,43.0,53.0,9.0,9.0,0.0,0.0,0.0,0.0,0.0,0.0,ID_NORMAL_001,JOINT2_SWEEP_MEDIUM,RUN_01,50.0,0.0,NORMAL,NONE,COLD
509084.1924885,45.0,-8.08,112.1,-0.0,65.21,-0.0,0.0,0.0,0.0,0.0,0.0,0.0,0.0,166.0,43.0,52.0,9.0,9.0,0.0,0.0,0.0,0.0,0.0,0.0,ID_NORMAL_001,JOINT2_SWEEP_MEDIUM,RUN_01,50.0,0.0,NORMAL,NONE,COLD
509084.1924885,45.0,-8.08,112.1,-0.0,65.21,-0.0,0.0,0.0,0.0,0.0,0.0,0.0,0.0,166.0,41.0,52.0,9.0,9.0,0.0,0.0,0.0,0.0,0.0,0.0,ID_NORMAL_001,JOINT2_SWEEP_MEDIUM,RUN_01,50.0,0.0,NORMAL,NONE,COLD
509084.2372131,45.0,-8.08,112.1,-0.0,65.21,-0.0,0.0,0.0,0.0,0.0,0.0,0.0,0.0,166.0,42.0,53.0,9.0,9.0,0.0,0.0,0.0,0.0,0.0,0.0,ID_NORMAL_001,JOINT2_SWEEP_MEDIUM,RUN_01,50.0,0.0,NORMAL,NONE,COLD
509084.2372131,45.0,-8.08,112.1,-0.0,65.21,-0.0,0.0,0.0,0.0,0.0,0.0,0.0,0.0,166.0,42.0,52.0,9.0,9.0,0.0,0.0,0.0,0.0,0.0,0.0,ID_NORMAL_001,JOINT2_SWEEP_MEDIUM,RUN_01,50.0,0.0,NORMAL,NONE,COLD
509084.2851752,45.0,-8.08,112.1,-0.0,65.21,-0.0,0.0,0.0,0.0,0.0,0.0,0.0,0.0,166.0,42.0,52.0,9.0,9.0,0.0,0.0,0.0,0.0,0.0,0.0,ID_NORMAL_001,JOINT2_SWEEP_MEDIUM,RUN_01,50.0,0.0,NORMAL,NONE,COLD
509084.3317987,45.0,-8.08,112.1,-0.0,65.21,-0.0,0.0,0.0,0.0,0.0,0.0,0.0,0.0,166.0,43.0,52.0,9.0,9.0,0.0,0.0,0.0,0.0,0.0,0.0,ID_NORMAL_001,JOINT2_SWEEP_MEDIUM,RUN_01,50.0,0.0,NORMAL,NONE,COLD
509084.3317987,45.0,-8.08,112.1,-0.0,65.21,-0.0,0.0,0.0,0.0,0.0,0.0,0.0,0.0,166.0,43.0,51.0,9.0,9.0,0.0,0.0,0.0,0.0,0.0,0.0,ID_NORMAL_001,JOINT2_SWEEP_MEDIUM,RUN_01,50.0,0.0,NORMAL,NONE,COLD
509084.344882,45.0,-8.08,112.1,-0.0,65.21,-0.0,0.0,0.0,0.0,0.0,0.0,0.0,0.0,166.0,43.0,52.0,9.0,9.0,0.0,0.0,0.0,0.0,0.0,0.0,ID_NORMAL_001,JOINT2_SWEEP_MEDIUM,RUN_01,50.0,0.0,NORMAL,NONE,COLD
509084.3936769,45.0,-8.08,112.1,-0.0,65.21,-0.0,0.0,0.0,0.0,0.0,0.0,0.0,0.0,166.0,42.0,53.0,9.0,9.0,0.0,0.0,0.0,0.0,0.0,0.0,ID_NORMAL_001,JOINT2_SWEEP_MEDIUM,RUN_01,50.0,0.0,NORMAL,NONE,COLD
509084.4457235,45.0,-8.08,112.1,-0.0,65.21,-0.0,0.0,0.0,0.0,0.0,0.0,0.0,0.0,166.0,43.0,54.0,9.0,9.0,0.0,0.0,0.0,0.0,0.0,0.0,ID_NORMAL_001,JOINT2_SWEEP_MEDIUM,RUN_01,50.0,0.0,NORMAL,NONE,COLD
509084.4457235,45.0,-8.08,112.1,-0.0,65.21,-0.0,0.0,0.0,0.0,0.0,0.0,0.0,0.0,166.0,42.0,53.0,9.0,9.0,0.0,0.0,0.0,0.0,0.0,0.0,ID_NORMAL_001,JOINT2_SWEEP_MEDIUM,RUN_01,50.0,0.0,NORMAL,NONE,COLD
509084.4824172,45.0,-8.08,112.1,-0.0,65.21,-0.0,0.0,0.0,0.0,0.0,0.0,0.0,0.0,166.0,44.0,52.0,9.0,9.0,0.0,0.0,0.0,0.0,0.0,0.0,ID_NORMAL_001,JOINT2_SWEEP_MEDIUM,RUN_01,50.0,0.0,NORMAL,NONE,COLD
509084.4824172,45.0,-8.08,112.1,-0.0,65.21,-0.0,0.0,0.0,0.0,0.0,0.0,0.0,0.0,166.0,43.0,53.0,9.0,9.0,0.0,0.0,0.0,0.0,0.0,0.0,ID_NORMAL_001,JOINT2_SWEEP_MEDIUM,RUN_01,50.0,0.0,NORMAL,NONE,COLD
509084.5328687,45.0,-8.08,112.1,-0.0,65.21,-0.0,0.0,0.0,0.0,0.0,0.0,0.0,0.0,166.0,43.0,53.0,9.0,9.0,0.0,0.0,0.0,0.0,0.0,0.0,ID_NORMAL_001,JOINT2_SWEEP_MEDIUM,RUN_01,50.0,0.0,NORMAL,NONE,COLD
509084.5468535,45.0,-8.08,112.1,-0.0,65.21,-0.0,0.0,0.0,0.0,0.0,0.0,0.0,0.0,166.0,42.0,52.0,9.0,9.0,0.0,0.0,0.0,0.0,0.0,0.0,ID_NORMAL_001,JOINT2_SWEEP_MEDIUM,RUN_01,50.0,0.0,NORMAL,NONE,COLD
509084.5949496,45.0,-8.08,112.1,-0.0,65.21,-0.0,0.0,0.0,0.0,0.0,0.0,0.0,0.0,166.0,42.0,53.0,9.0,9.0,0.0,0.0,0.0,0.0,0.0,0.0,ID_NORMAL_001,JOINT2_SWEEP_MEDIUM,RUN_01,50.0,0.0,NORMAL,NONE,COLD
509084.5949496,45.0,-8.08,112.1,-0.0,65.21,-0.0,0.0,0.0,0.0,0.0,0.0,0.0,0.0,166.0,43.0,51.0,10.0,9.0,0.0,0.0,0.0,0.0,0.0,0.0,ID_NORMAL_001,JOINT2_SWEEP_MEDIUM,RUN_01,50.0,0.0,NORMAL,NONE,COLD
509084.651161,45.0,-8.08,112.1,-0.0,65.21,-0.0,0.0,0.0,0.0,0.0,0.0,0.0,0.0,166.0,42.0,53.0,9.0,9.0,0.0,0.0,0.0,0.0,0.0,0.0,ID_NORMAL_001,JOINT2_SWEEP_MEDIUM,RUN_01,50.0,0.0,NORMAL,NONE,COLD
509084.6913696,45.0,-8.08,112.1,-0.0,65.21,-0.0,0.0,0.0,0.0,0.0,0.0,0.0,0.0,166.0,43.0,52.0,9.0,9.0,0.0,0.0,0.0,0.0,0.0,0.0,ID_NORMAL_001,JOINT2_SWEEP_MEDIUM,RUN_01,50.0,0.0,NORMAL,NONE,COLD
509084.6913696,45.0,-8.08,112.1,-0.0,65.21,-0.0,0.0,0.0,0.0,0.0,0.0,0.0,0.0,166.0,43.0,52.0,9.0,9.0,0.0,0.0,0.0,0.0,0.0,0.0,ID_NORMAL_001,JOINT2_SWEEP_MEDIUM,RUN_01,50.0,0.0,NORMAL,NONE,COLD
509084.7355083,45.0,-8.08,112.1,-0.0,65.21,-0.0,0.0,0.0,0.0,0.0,0.0,0.0,0.0,166.0,43.0,51.0,9.0,9.0,0.0,0.0,0.0,0.0,0.0,0.0,ID_NORMAL_001,JOINT2_SWEEP_MEDIUM,RUN_01,50.0,0.0,NORMAL,NONE,COLD
509084.7355083,45.0,-8.08,112.1,-0.0,65.21,-0.0,0.0,0.0,0.0,0.0,0.0,0.0,0.0,166.0,40.0,54.0,9.0,9.0,0.0,0.0,0.0,0.0,0.0,0.0,ID_NORMAL_001,JOINT2_SWEEP_MEDIUM,RUN_01,50.0,0.0,NORMAL,NONE,COLD
509084.7558235,45.0,-8.08,112.1,-0.0,65.21,-0.0,0.0,0.0,0.0,0.0,0.0,0.0,0.0,166.0,43.0,53.0,9.0,9.0,0.0,0.0,0.0,0.0,0.0,0.0,ID_NORMAL_001,JOINT2_SWEEP_MEDIUM,RUN_01,50.0,0.0,NORMAL,NONE,COLD
509084.8008447,45.0,-8.08,112.1,-0.0,65.21,-0.0,0.0,0.0,0.0,0.0,0.0,0.0,0.0,166.0,42.0,52.0,10.0,9.0,0.0,0.0,0.0,0.0,0.0,0.0,ID_NORMAL_001,JOINT2_SWEEP_MEDIUM,RUN_01,50.0,0.0,NORMAL,NONE,COLD
509084.844111,45.0,-8.08,112.1,-0.0,65.21,-0.0,0.0,0.0,0.0,0.0,0.0,0.0,0.0,166.0,42.0,54.0,9.0,9.0,0.0,0.0,0.0,0.0,0.0,0.0,ID_NORMAL_001,JOINT2_SWEEP_MEDIUM,RUN_01,50.0,0.0,NORMAL,NONE,COLD
509084.844111,45.0,-8.08,112.1,-0.0,65.21,-0.0,0.0,0.0,0.0,0.0,0.0,0.0,0.0,166.0,44.0,53.0,9.0,9.0,0.0,0.0,0.0,0.0,0.0,0.0,ID_NORMAL_001,JOINT2_SWEEP_MEDIUM,RUN_01,50.0,0.0,NORMAL,NONE,COLD
509084.8909216,45.0,-8.08,112.1,-0.0,65.21,-0.0,0.0,0.0,0.0,0.0,0.0,0.0,0.0,166.0,43.0,52.0,9.0,9.0,0.0,0.0,0.0,0.0,0.0,0.0,ID_NORMAL_001,JOINT2_SWEEP_MEDIUM,RUN_01,50.0,0.0,NORMAL,NONE,COLD
509084.9401146,45.0,-8.08,112.1,-0.0,65.21,-0.0,0.0,0.0,0.0,0.0,0.0,0.0,0.0,166.0,42.0,50.0,9.0,9.0,0.0,0.0,0.0,0.0,0.0,0.0,ID_NORMAL_001,JOINT2_SWEEP_MEDIUM,RUN_01,50.0,0.0,NORMAL,NONE,COLD
509084.9401146,45.0,-8.08,112.1,-0.0,65.21,-0.0,0.0,0.0,0.0,0.0,0.0,0.0,0.0,166.0,42.0,52.0,10.0,9.0,0.0,0.0,0.0,0.0,0.0,0.0,ID_NORMAL_001,JOINT2_SWEEP_MEDIUM,RUN_01,50.0,0.0,NORMAL,NONE,COLD
509084.9481624,45.0,-8.08,112.1,-0.0,65.21,-0.0,0.0,0.0,0.0,0.0,0.0,0.0,0.0,166.0,44.0,54.0,9.0,9.0,0.0,0.0,0.0,0.0,0.0,0.0,ID_NORMAL_001,JOINT2_SWEEP_MEDIUM,RUN_01,50.0,0.0,NORMAL,NONE,COLD
509085.0112213,45.0,-8.08,112.1,-0.0,65.21,-0.0,0.0,0.0,0.0,0.0,0.0,0.0,0.0,166.0,44.0,51.0,9.0,9.0,0.0,0.0,0.0,0.0,0.0,0.0,ID_NORMAL_001,JOINT2_SWEEP_MEDIUM,RUN_01,50.0,0.0,NORMAL,NONE,COLD
509085.0112213,45.0,-8.08,112.1,-0.0,65.21,-0.0,0.0,0.0,0.0,0.0,0.0,0.0,0.0,166.0,42.0,52.0,9.0,9.0,0.0,0.0,0.0,0.0,0.0,0.0,ID_NORMAL_001,JOINT2_SWEEP_MEDIUM,RUN_01,50.0,0.0,NORMAL,NONE,COLD
509085.0292932,45.0,-8.08,112.1,-0.0,65.21,-0.0,0.0,0.0,0.0,0.0,0.0,0.0,0.0,166.0,42.0,53.0,10.0,9.0,0.0,0.0,0.0,0.0,0.0,0.0,ID_NORMAL_001,JOINT2_SWEEP_MEDIUM,RUN_01,50.0,0.0,NORMAL,NONE,COLD
509085.0783493,45.0,-8.08,112.1,-0.0,65.21,-0.0,0.0,0.0,0.0,0.0,0.0,0.0,0.0,166.0,43.0,51.0,9.0,9.0,0.0,0.0,0.0,0.0,0.0,0.0,ID_NORMAL_001,JOINT2_SWEEP_MEDIUM,RUN_01,50.0,0.0,NORMAL,NONE,COLD
509085.1263709,45.0,-8.08,112.1,-0.0,65.21,-0.0,0.0,0.0,0.0,0.0,0.0,0.0,0.0,166.0,43.0,52.0,9.0,9.0,0.0,0.0,0.0,0.0,0.0,0.0,ID_NORMAL_001,JOINT2_SWEEP_MEDIUM,RUN_01,50.0,0.0,NORMAL,NONE,COLD
509085.1263709,45.0,-8.08,112.1,-0.0,65.21,-0.0,0.0,0.0,0.0,0.0,0.0,0.0,0.0,166.0,44.0,51.0,10.0,10.0,0.0,0.0,0.0,0.0,0.0,0.0,ID_NORMAL_001,JOINT2_SWEEP_MEDIUM,RUN_01,50.0,0.0,NORMAL,NONE,COLD
509085.1529831,45.0,-8.08,112.1,-0.0,65.21,-0.0,0.0,0.0,0.0,0.0,0.0,0.0,0.0,166.0,42.0,53.0,9.0,9.0,0.0,0.0,0.0,0.0,0.0,0.0,ID_NORMAL_001,JOINT2_SWEEP_MEDIUM,RUN_01,50.0,0.0,NORMAL,NONE,COLD
509085.2053111,45.0,-8.08,112.1,-0.0,65.21,-0.0,0.0,0.0,0.0,0.0,0.0,0.0,0.0,166.0,41.0,51.0,9.0,9.0,0.0,0.0,0.0,0.0,0.0,0.0,ID_NORMAL_001,JOINT2_SWEEP_MEDIUM,RUN_01,50.0,0.0,NORMAL,NONE,COLD
509085.2053111,45.0,-8.08,112.1,-0.0,65.21,-0.0,0.0,0.0,0.0,0.0,0.0,0.0,0.0,166.0,43.0,53.0,9.0,9.0,0.0,0.0,0.0,0.0,0.0,0.0,ID_NORMAL_001,JOINT2_SWEEP_MEDIUM,RUN_01,50.0,0.0,NORMAL,NONE,COLD
509085.2533275,45.0,-8.08,112.1,-0.0,65.21,-0.0,0.0,0.0,0.0,0.0,0.0,0.0,0.0,166.0,42.0,52.0,9.0,9.0,0.0,0.0,0.0,0.0,0.0,0.0,ID_NORMAL_001,JOINT2_SWEEP_MEDIUM,RUN_01,50.0,0.0,NORMAL,NONE,COLD
509085.2533275,45.0,-8.08,112.1,-0.0,65.21,-0.0,0.0,0.0,0.0,0.0,0.0,0.0,0.0,166.0,44.0,51.0,9.0,9.0,0.0,0.0,0.0,0.0,0.0,0.0,ID_NORMAL_001,JOINT2_SWEEP_MEDIUM,RUN_01,50.0,0.0,NORMAL,NONE,COLD
509085.2997291,45.0,-8.08,112.1,-0.0,65.21,-0.0,0.0,0.0,0.0,0.0,0.0,0.0,0.0,166.0,43.0,53.0,10.0,9.0,0.0,0.0,0.0,0.0,0.0,0.0,ID_NORMAL_001,JOINT2_SWEEP_MEDIUM,RUN_01,50.0,0.0,NORMAL,NONE,COLD
509085.3469549,45.0,-8.08,112.1,-0.0,65.21,-0.0,0.0,0.0,0.0,0.0,0.0,0.0,0.0,166.0,43.0,51.0,9.0,9.0,0.0,0.0,0.0,0.0,0.0,0.0,ID_NORMAL_001,JOINT2_SWEEP_MEDIUM,RUN_01,50.0,0.0,NORMAL,NONE,COLD
509085.3469549,45.0,-8.08,112.1,-0.0,65.21,-0.0,0.0,0.0,0.0,0.0,0.0,0.0,0.0,166.0,43.0,54.0,9.0,9.0,0.0,0.0,0.0,0.0,0.0,0.0,ID_NORMAL_001,JOINT2_SWEEP_MEDIUM,RUN_01,50.0,0.0,NORMAL,NONE,COLD
509085.3587036,45.0,-8.08,112.1,-0.0,65.21,-0.0,0.0,0.0,0.0,0.0,0.0,0.0,0.0,166.0,42.0,52.0,9.0,9.0,0.0,0.0,0.0,0.0,0.0,0.0,ID_NORMAL_001,JOINT2_SWEEP_MEDIUM,RUN_01,50.0,0.0,NORMAL,NONE,COLD
509085.4146176,45.0,-8.08,112.1,-0.0,65.21,-0.0,0.0,0.0,0.0,0.0,0.0,0.0,0.0,166.0,44.0,53.0,9.0,9.0,0.0,0.0,0.0,0.0,0.0,0.0,ID_NORMAL_001,JOINT2_SWEEP_MEDIUM,RUN_01,50.0,0.0,NORMAL,NONE,COLD
509085.4567685,45.0,-8.08,112.1,-0.0,65.21,-0.0,0.0,0.0,0.0,0.0,0.0,0.0,0.0,166.0,44.0,54.0,9.0,9.0,0.0,0.0,0.0,0.0,0.0,0.0,ID_NORMAL_001,JOINT2_SWEEP_MEDIUM,RUN_01,50.0,0.0,NORMAL,NONE,COLD
509085.4567685,45.0,-8.08,112.1,-0.0,65.21,-0.0,0.0,0.0,0.0,0.0,0.0,0.0,0.0,166.0,43.0,55.0,9.0,9.0,0.0,0.0,0.0,0.0,0.0,0.0,ID_NORMAL_001,JOINT2_SWEEP_MEDIUM,RUN_01,50.0,0.0,NORMAL,NONE,COLD
509085.5041315,45.0,-8.08,112.1,-0.0,65.21,-0.0,0.0,0.0,0.0,0.0,0.0,0.0,0.0,166.0,43.0,53.0,9.0,9.0,0.0,0.0,0.0,0.0,0.0,0.0,ID_NORMAL_001,JOINT2_SWEEP_MEDIUM,RUN_01,50.0,0.0,NORMAL,NONE,COLD
509085.5041315,45.0,-8.08,112.1,-0.0,65.21,-0.0,0.0,0.0,0.0,0.0,0.0,0.0,0.0,166.0,43.0,51.0,9.0,9.0,0.0,0.0,0.0,0.0,0.0,0.0,ID_NORMAL_001,JOINT2_SWEEP_MEDIUM,RUN_01,50.0,0.0,NORMAL,NONE,COLD
509085.5472709,45.0,-8.08,112.1,-0.0,65.21,-0.0,0.0,0.0,0.0,0.0,0.0,0.0,0.0,166.0,42.0,52.0,9.0,9.0,0.0,0.0,0.0,0.0,0.0,0.0,ID_NORMAL_001,JOINT2_SWEEP_MEDIUM,RUN_01,50.0,0.0,NORMAL,NONE,COLD
509085.5472709,45.0,-8.08,112.1,-0.0,65.21,-0.0,0.0,0.0,0.0,0.0,0.0,0.0,0.0,166.0,43.0,52.0,9.0,9.0,0.0,0.0,0.0,0.0,0.0,0.0,ID_NORMAL_001,JOINT2_SWEEP_MEDIUM,RUN_01,50.0,0.0,NORMAL,NONE,COLD
509085.5746528,45.0,-8.08,112.1,-0.0,65.21,-0.0,0.0,0.0,0.0,0.0,0.0,0.0,0.0,166.0,42.0,51.0,9.0,9.0,0.0,0.0,0.0,0.0,0.0,0.0,ID_NORMAL_001,JOINT2_SWEEP_MEDIUM,RUN_01,50.0,0.0,NORMAL,NONE,COLD
509085.6295654,45.0,-8.08,112.1,-0.0,65.21,-0.0,0.0,0.0,0.0,0.0,0.0,0.0,0.0,166.0,44.0,56.0,9.0,9.0,0.0,0.0,0.0,0.0,0.0,0.0,ID_NORMAL_001,JOINT2_SWEEP_MEDIUM,RUN_01,50.0,0.0,NORMAL,NONE,COLD
509085.675541,45.0,-8.08,112.1,-0.0,65.21,-0.0,0.0,0.0,0.0,0.0,0.0,0.0,0.0,166.0,42.0,54.0,9.0,9.0,0.0,0.0,0.0,0.0,0.0,0.0,ID_NORMAL_001,JOINT2_SWEEP_MEDIUM,RUN_01,50.0,0.0,NORMAL,NONE,COLD
509085.675541,45.0,-8.08,112.1,-0.0,65.21,-0.0,0.0,0.0,0.0,0.0,0.0,0.0,0.0,166.0,43.0,49.0,9.0,9.0,0.0,0.0,0.0,0.0,0.0,0.0,ID_NORMAL_001,JOINT2_SWEEP_MEDIUM,RUN_01,50.0,0.0,NORMAL,NONE,COLD
509085.7228048,45.0,-8.08,112.1,-0.0,65.21,-0.0,0.0,0.0,0.0,0.0,0.0,0.0,0.0,166.0,43.0,53.0,10.0,9.0,0.0,0.0,0.0,0.0,0.0,0.0,ID_NORMAL_001,JOINT2_SWEEP_MEDIUM,RUN_01,50.0,0.0,NORMAL,NONE,COLD
509085.7228048,45.0,-8.08,112.1,-0.0,65.21,-0.0,0.0,0.0,0.0,0.0,0.0,0.0,0.0,166.0,41.0,53.0,9.0,9.0,0.0,0.0,0.0,0.0,0.0,0.0,ID_NORMAL_001,JOINT2_SWEEP_MEDIUM,RUN_01,50.0,0.0,NORMAL,NONE,COLD
509085.7641348,45.0,-8.08,112.1,-0.0,65.21,-0.0,0.0,0.0,0.0,0.0,0.0,0.0,0.0,166.0,44.0,52.0,10.0,9.0,0.0,0.0,0.0,0.0,0.0,0.0,ID_NORMAL_001,JOINT2_SWEEP_MEDIUM,RUN_01,50.0,0.0,NORMAL,NONE,COLD
509085.8165087,45.0,-8.08,112.1,-0.0,65.21,-0.0,0.0,0.0,0.0,0.0,0.0,0.0,0.0,166.0,43.0,53.0,10.0,9.0,0.0,0.0,0.0,0.0,0.0,0.0,ID_NORMAL_001,JOINT2_SWEEP_MEDIUM,RUN_01,50.0,0.0,NORMAL,NONE,COLD
509085.8165087,45.0,-8.08,112.1,-0.0,65.21,-0.0,0.0,0.0,0.0,0.0,0.0,0.0,0.0,166.0,43.0,53.0,9.0,9.0,0.0,0.0,0.0,0.0,0.0,0.0,ID_NORMAL_001,JOINT2_SWEEP_MEDIUM,RUN_01,50.0,0.0,NORMAL,NONE,COLD
509085.8633878,45.0,-8.08,112.1,-0.0,65.21,-0.0,0.0,0.0,0.0,0.0,0.0,0.0,0.0,166.0,42.0,53.0,9.0,9.0,0.0,0.0,0.0,0.0,0.0,0.0,ID_NORMAL_001,JOINT2_SWEEP_MEDIUM,RUN_01,50.0,0.0,NORMAL,NONE,COLD
509085.8633878,45.0,-8.08,112.1,-0.0,65.21,-0.0,0.0,0.0,0.0,0.0,0.0,0.0,0.0,166.0,42.0,52.0,9.0,9.0,0.0,0.0,0.0,0.0,0.0,0.0,ID_NORMAL_001,JOINT2_SWEEP_MEDIUM,RUN_01,50.0,0.0,NORMAL,NONE,COLD
509085.9117405,45.0,-8.08,112.1,-0.0,65.21,-0.0,0.0,0.0,0.0,0.0,0.0,0.0,0.0,166.0,43.0,51.0,9.0,9.0,0.0,0.0,0.0,0.0,0.0,0.0,ID_NORMAL_001,JOINT2_SWEEP_MEDIUM,RUN_01,50.0,0.0,NORMAL,NONE,COLD
509085.9117405,45.0,-8.08,112.1,-0.0,65.21,-0.0,0.0,0.0,0.0,0.0,0.0,0.0,0.0,166.0,42.0,53.0,10.0,9.0,0.0,0.0,0.0,0.0,0.0,0.0,ID_NORMAL_001,JOINT2_SWEEP_MEDIUM,RUN_01,50.0,0.0,NORMAL,NONE,COLD
509085.9572369,45.0,-8.08,112.1,-0.0,65.21,-0.0,0.0,0.0,0.0,0.0,0.0,0.0,0.0,166.0,43.0,53.0,9.0,9.0,0.0,0.0,0.0,0.0,0.0,0.0,ID_NORMAL_001,JOINT2_SWEEP_MEDIUM,RUN_01,50.0,0.0,NORMAL,NONE,COLD
509085.9768963,45.0,-8.08,112.1,-0.0,65.21,-0.0,0.0,0.0,0.0,0.0,0.0,0.0,0.0,166.0,43.0,53.0,9.0,9.0,0.0,0.0,0.0,0.0,0.0,0.0,ID_NORMAL_001,JOINT2_SWEEP_MEDIUM,RUN_01,50.0,0.0,NORMAL,NONE,COLD
509086.0221656,45.0,-8.08,112.1,-0.0,65.21,-0.0,0.0,0.0,0.0,0.0,0.0,0.0,0.0,166.0,43.0,52.0,9.0,9.0,0.0,0.0,0.0,0.0,0.0,0.0,ID_NORMAL_001,JOINT2_SWEEP_MEDIUM,RUN_01,50.0,0.0,NORMAL,NONE,COLD
509086.0221656,45.0,-8.08,112.1,-0.0,65.21,-0.0,0.0,0.0,0.0,0.0,0.0,0.0,0.0,166.0,43.0,54.0,9.0,9.0,0.0,0.0,0.0,0.0,0.0,0.0,ID_NORMAL_001,JOINT2_SWEEP_MEDIUM,RUN_01,50.0,0.0,NORMAL,NONE,COLD
509086.0658916,45.0,-8.08,112.1,-0.0,65.21,-0.0,0.0,0.0,0.0,0.0,0.0,0.0,0.0,166.0,43.0,52.0,10.0,9.0,0.0,0.0,0.0,0.0,0.0,0.0,ID_NORMAL_001,JOINT2_SWEEP_MEDIUM,RUN_01,50.0,0.0,NORMAL,NONE,COLD
509086.0939886,45.0,-8.08,112.1,-0.0,65.21,-0.0,0.0,0.0,0.0,0.0,0.0,0.0,0.0,166.0,43.0,53.0,9.0,9.0,0.0,0.0,0.0,0.0,0.0,0.0,ID_NORMAL_001,JOINT2_SWEEP_MEDIUM,RUN_01,50.0,0.0,NORMAL,NONE,COLD
509086.0939886,45.0,-8.08,112.1,-0.0,65.21,-0.0,0.0,0.0,0.0,0.0,0.0,0.0,0.0,166.0,43.0,52.0,9.0,9.0,0.0,0.0,0.0,0.0,0.0,0.0,ID_NORMAL_001,JOINT2_SWEEP_MEDIUM,RUN_01,50.0,0.0,NORMAL,NONE,COLD
509086.1455411,45.0,-8.08,112.1,-0.0,65.21,-0.0,0.0,0.0,0.0,0.0,0.0,0.0,0.0,166.0,42.0,53.0,9.0,9.0,0.0,0.0,0.0,0.0,0.0,0.0,ID_NORMAL_001,JOINT2_SWEEP_MEDIUM,RUN_01,50.0,0.0,NORMAL,NONE,COLD
509086.172949,45.0,-8.08,112.1,-0.0,65.21,-0.0,0.0,0.0,0.0,0.0,0.0,0.0,0.0,166.0,43.0,51.0,9.0,9.0,0.0,0.0,0.0,0.0,0.0,0.0,ID_NORMAL_001,JOINT2_SWEEP_MEDIUM,RUN_01,50.0,0.0,NORMAL,NONE,COLD
509086.2225508,45.0,-8.08,112.1,-0.0,65.21,-0.0,0.0,0.0,0.0,0.0,0.0,0.0,0.0,166.0,41.0,50.0,9.0,9.0,0.0,0.0,0.0,0.0,0.0,0.0,ID_NORMAL_001,JOINT2_SWEEP_MEDIUM,RUN_01,50.0,0.0,NORMAL,NONE,COLD
509086.2225508,45.0,-8.08,112.1,-0.0,65.21,-0.0,0.0,0.0,0.0,0.0,0.0,0.0,0.0,166.0,42.0,51.0,9.0,9.0,0.0,0.0,0.0,0.0,0.0,0.0,ID_NORMAL_001,JOINT2_SWEEP_MEDIUM,RUN_01,50.0,0.0,NORMAL,NONE,COLD
509086.2685377,45.0,-8.08,112.1,-0.0,65.21,-0.0,0.0,0.0,0.0,0.0,0.0,0.0,0.0,166.0,43.0,52.0,9.0,9.0,0.0,0.0,0.0,0.0,0.0,0.0,ID_NORMAL_001,JOINT2_SWEEP_MEDIUM,RUN_01,50.0,0.0,NORMAL,NONE,COLD
509086.2685377,45.0,-8.08,112.1,-0.0,65.21,-0.0,0.0,0.0,0.0,0.0,0.0,0.0,0.0,166.0,43.0,53.0,9.0,9.0,0.0,0.0,0.0,0.0,0.0,0.0,ID_NORMAL_001,JOINT2_SWEEP_MEDIUM,RUN_01,50.0,0.0,NORMAL,NONE,COLD
509086.3177422,45.0,-8.08,112.1,-0.0,65.21,-0.0,0.0,0.0,0.0,0.0,0.0,0.0,0.0,166.0,43.0,52.0,9.0,9.0,0.0,0.0,0.0,0.0,0.0,0.0,ID_NORMAL_001,JOINT2_SWEEP_MEDIUM,RUN_01,50.0,0.0,NORMAL,NONE,COLD
509086.3177422,45.0,-8.08,112.1,-0.0,65.21,-0.0,0.0,0.0,0.0,0.0,0.0,0.0,0.0,166.0,42.0,53.0,9.0,9.0,0.0,0.0,0.0,0.0,0.0,0.0,ID_NORMAL_001,JOINT2_SWEEP_MEDIUM,RUN_01,50.0,0.0,NORMAL,NONE,COLD
509086.3639341,45.0,-8.08,112.1,-0.0,65.21,-0.0,0.0,0.0,0.0,0.0,0.0,0.0,0.0,166.0,42.0,52.0,10.0,9.0,0.0,0.0,0.0,0.0,0.0,0.0,ID_NORMAL_001,JOINT2_SWEEP_MEDIUM,RUN_01,50.0,0.0,NORMAL,NONE,COLD
509086.3753683,45.0,-8.08,112.1,-0.0,65.21,-0.0,0.0,0.0,0.0,0.0,0.0,0.0,0.0,166.0,43.0,53.0,9.0,9.0,0.0,0.0,0.0,0.0,0.0,0.0,ID_NORMAL_001,JOINT2_SWEEP_MEDIUM,RUN_01,50.0,0.0,NORMAL,NONE,COLD
509086.4311698,45.0,-8.08,112.1,-0.0,65.21,-0.0,0.0,0.0,0.0,0.0,0.0,0.0,0.0,166.0,42.0,51.0,9.0,9.0,0.0,0.0,0.0,0.0,0.0,0.0,ID_NORMAL_001,JOINT2_SWEEP_MEDIUM,RUN_01,50.0,0.0,NORMAL,NONE,COLD
509086.4311698,45.0,-8.08,112.1,-0.0,65.21,-0.0,0.0,0.0,0.0,0.0,0.0,0.0,0.0,166.0,42.0,53.0,9.0,9.0,0.0,0.0,0.0,0.0,0.0,0.0,ID_NORMAL_001,JOINT2_SWEEP_MEDIUM,RUN_01,50.0,0.0,NORMAL,NONE,COLD
509086.4725546,45.0,-8.08,112.1,-0.0,65.21,-0.0,0.0,0.0,0.0,0.0,0.0,0.0,0.0,166.0,41.0,53.0,9.0,9.0,0.0,0.0,0.0,0.0,0.0,0.0,ID_NORMAL_001,JOINT2_SWEEP_MEDIUM,RUN_01,50.0,0.0,NORMAL,NONE,COLD
509086.5278029,45.0,-8.08,112.1,-0.0,65.21,-0.0,0.0,0.0,0.0,0.0,0.0,0.0,0.0,166.0,42.0,51.0,9.0,9.0,0.0,0.0,0.0,0.0,0.0,0.0,ID_NORMAL_001,JOINT2_SWEEP_MEDIUM,RUN_01,50.0,0.0,NORMAL,NONE,COLD
509086.5278029,45.0,-8.08,112.1,-0.0,65.21,-0.0,0.0,0.0,0.0,0.0,0.0,0.0,0.0,166.0,43.0,52.0,9.0,9.0,0.0,0.0,0.0,0.0,0.0,0.0,ID_NORMAL_001,JOINT2_SWEEP_MEDIUM,RUN_01,50.0,0.0,NORMAL,NONE,COLD
509086.5662517,45.0,-8.08,112.1,-0.0,65.21,-0.0,0.0,0.0,0.0,0.0,0.0,0.0,0.0,166.0,43.0,54.0,9.0,9.0,0.0,0.0,0.0,0.0,0.0,0.0,ID_NORMAL_001,JOINT2_SWEEP_MEDIUM,RUN_01,50.0,0.0,NORMAL,NONE,COLD
509086.5662517,45.0,-8.08,112.1,-0.0,65.21,-0.0,0.0,0.0,0.0,0.0,0.0,0.0,0.0,166.0,42.0,53.0,9.0,9.0,0.0,0.0,0.0,0.0,0.0,0.0,ID_NORMAL_001,JOINT2_SWEEP_MEDIUM,RUN_01,50.0,0.0,NORMAL,NONE,COLD
509086.5891464,45.0,-8.08,112.1,-0.0,65.21,-0.0,0.0,0.0,0.0,0.0,0.0,0.0,0.0,166.0,43.0,50.0,9.0,9.0,0.0,0.0,0.0,0.0,0.0,0.0,ID_NORMAL_001,JOINT2_SWEEP_MEDIUM,RUN_01,50.0,0.0,NORMAL,NONE,COLD
509086.6299543,45.0,-8.08,112.1,-0.0,65.21,-0.0,0.0,0.0,0.0,0.0,0.0,0.0,0.0,166.0,44.0,54.0,9.0,9.0,0.0,0.0,0.0,0.0,0.0,0.0,ID_NORMAL_001,JOINT2_SWEEP_MEDIUM,RUN_01,50.0,0.0,NORMAL,NONE,COLD
509086.6687238,45.0,-8.08,112.1,-0.0,65.21,-0.0,0.0,0.0,0.0,0.0,0.0,0.0,0.0,166.0,43.0,50.0,9.0,9.0,0.0,0.0,0.0,0.0,0.0,0.0,ID_NORMAL_001,JOINT2_SWEEP_MEDIUM,RUN_01,50.0,0.0,NORMAL,NONE,COLD
509086.6687238,45.0,-8.08,112.1,-0.0,65.21,-0.0,0.0,0.0,0.0,0.0,0.0,0.0,0.0,166.0,43.0,51.0,9.0,9.0,0.0,0.0,0.0,0.0,0.0,0.0,ID_NORMAL_001,JOINT2_SWEEP_MEDIUM,RUN_01,50.0,0.0,NORMAL,NONE,COLD
509086.7243658,45.0,-8.08,112.1,-0.0,65.21,-0.0,0.0,0.0,0.0,0.0,0.0,0.0,0.0,166.0,43.0,51.0,9.0,9.0,0.0,0.0,0.0,0.0,0.0,0.0,ID_NORMAL_001,JOINT2_SWEEP_MEDIUM,RUN_01,50.0,0.0,NORMAL,NONE,COLD
509086.7243658,45.0,-8.08,112.1,-0.0,65.21,-0.0,0.0,0.0,0.0,0.0,0.0,0.0,0.0,166.0,43.0,52.0,9.0,9.0,0.0,0.0,0.0,0.0,0.0,0.0,ID_NORMAL_001,JOINT2_SWEEP_MEDIUM,RUN_01,50.0,0.0,NORMAL,NONE,COLD
509086.7757247,45.0,-8.08,112.1,-0.0,65.21,-0.0,0.0,0.0,0.0,0.0,0.0,0.0,0.0,166.0,43.0,53.0,9.0,9.0,0.0,0.0,0.0,0.0,0.0,0.0,ID_NORMAL_001,JOINT2_SWEEP_MEDIUM,RUN_01,50.0,0.0,NORMAL,NONE,COLD
509086.7771931,45.0,-8.08,112.1,-0.0,65.21,-0.0,0.0,0.0,0.0,0.0,0.0,0.0,0.0,166.0,42.0,54.0,9.0,9.0,0.0,0.0,0.0,0.0,0.0,0.0,ID_NORMAL_001,JOINT2_SWEEP_MEDIUM,RUN_01,50.0,0.0,NORMAL,NONE,COLD
509086.818371,45.0,-8.08,112.1,-0.0,65.21,-0.0,0.0,0.0,0.0,0.0,0.0,0.0,0.0,166.0,43.0,52.0,9.0,9.0,0.0,0.0,0.0,0.0,0.0,0.0,ID_NORMAL_001,JOINT2_SWEEP_MEDIUM,RUN_01,50.0,0.0,NORMAL,NONE,COLD
509086.8665063,45.0,-8.08,112.1,-0.0,65.21,-0.0,0.0,0.0,0.0,0.0,0.0,0.0,0.0,166.0,43.0,53.0,9.0,9.0,0.0,0.0,0.0,0.0,0.0,0.0,ID_NORMAL_001,JOINT2_SWEEP_MEDIUM,RUN_01,50.0,0.0,NORMAL,NONE,COLD
509086.8665063,45.0,-8.08,112.1,-0.0,65.21,-0.0,0.0,0.0,0.0,0.0,0.0,0.0,0.0,166.0,41.0,55.0,9.0,9.0,0.0,0.0,0.0,0.0,0.0,0.0,ID_NORMAL_001,JOINT2_SWEEP_MEDIUM,RUN_01,50.0,0.0,NORMAL,NONE,COLD
509086.9096797,45.0,-8.08,112.1,-0.0,65.21,-0.0,0.0,0.0,0.0,0.0,0.0,0.0,0.0,166.0,43.0,52.0,9.0,9.0,0.0,0.0,0.0,0.0,0.0,0.0,ID_NORMAL_001,JOINT2_SWEEP_MEDIUM,RUN_01,50.0,0.0,NORMAL,NONE,COLD
509086.9572647,45.0,-8.08,112.1,-0.0,65.21,-0.0,0.0,0.0,0.0,0.0,0.0,0.0,0.0,166.0,43.0,53.0,10.0,9.0,0.0,0.0,0.0,0.0,0.0,0.0,ID_NORMAL_001,JOINT2_SWEEP_MEDIUM,RUN_01,50.0,0.0,NORMAL,NONE,COLD
509086.9572647,45.0,-8.08,112.1,-0.0,65.21,-0.0,0.0,0.0,0.0,0.0,0.0,0.0,0.0,166.0,42.0,51.0,9.0,9.0,0.0,0.0,0.0,0.0,0.0,0.0,ID_NORMAL_001,JOINT2_SWEEP_MEDIUM,RUN_01,50.0,0.0,NORMAL,NONE,COLD
509086.9838055,45.0,-8.08,112.1,-0.0,65.21,-0.0,0.0,0.0,0.0,0.0,0.0,0.0,0.0,166.0,42.0,54.0,9.0,9.0,0.0,0.0,0.0,0.0,0.0,0.0,ID_NORMAL_001,JOINT2_SWEEP_MEDIUM,RUN_01,50.0,0.0,NORMAL,NONE,COLD
509087.040915,45.0,-8.08,112.1,-0.0,65.21,-0.0,0.0,0.0,0.0,0.0,0.0,0.0,0.0,166.0,42.0,53.0,9.0,9.0,0.0,0.0,0.0,0.0,0.0,0.0,ID_NORMAL_001,JOINT2_SWEEP_MEDIUM,RUN_01,50.0,0.0,NORMAL,NONE,COLD
509087.040915,45.0,-8.08,112.1,-0.0,65.21,-0.0,0.0,0.0,0.0,0.0,0.0,0.0,0.0,166.0,43.0,54.0,9.0,9.0,0.0,0.0,0.0,0.0,0.0,0.0,ID_NORMAL_001,JOINT2_SWEEP_MEDIUM,RUN_01,50.0,0.0,NORMAL,NONE,COLD
509087.0816633,45.0,-8.08,112.1,-0.0,65.21,-0.0,0.0,0.0,0.0,0.0,0.0,0.0,0.0,166.0,42.0,55.0,10.0,9.0,0.0,0.0,0.0,0.0,0.0,0.0,ID_NORMAL_001,JOINT2_SWEEP_MEDIUM,RUN_01,50.0,0.0,NORMAL,NONE,COLD
509087.0816633,45.0,-8.08,112.1,-0.0,65.21,-0.0,0.0,0.0,0.0,0.0,0.0,0.0,0.0,166.0,43.0,52.0,10.0,9.0,0.0,0.0,0.0,0.0,0.0,0.0,ID_NORMAL_001,JOINT2_SWEEP_MEDIUM,RUN_01,50.0,0.0,NORMAL,NONE,COLD
509087.1278958,45.0,-8.08,112.1,-0.0,65.21,-0.0,0.0,0.0,0.0,0.0,0.0,0.0,0.0,166.0,42.0,53.0,9.0,10.0,0.0,0.0,0.0,0.0,0.0,0.0,ID_NORMAL_001,JOINT2_SWEEP_MEDIUM,RUN_01,50.0,0.0,NORMAL,NONE,COLD
509087.1751013,45.0,-8.08,112.1,-0.0,65.21,-0.0,0.0,0.0,0.0,0.0,0.0,0.0,0.0,166.0,43.0,52.0,9.0,9.0,0.0,0.0,0.0,0.0,0.0,0.0,ID_NORMAL_001,JOINT2_SWEEP_MEDIUM,RUN_01,50.0,0.0,NORMAL,NONE,COLD
509087.1751013,45.0,-8.08,112.1,-0.0,65.21,-0.0,0.0,0.0,0.0,0.0,0.0,0.0,0.0,166.0,42.0,52.0,9.0,9.0,0.0,0.0,0.0,0.0,0.0,0.0,ID_NORMAL_001,JOINT2_SWEEP_MEDIUM,RUN_01,50.0,0.0,NORMAL,NONE,COLD
509087.1884122,45.0,-8.08,112.1,-0.0,65.21,-0.0,0.0,0.0,0.0,0.0,0.0,0.0,0.0,166.0,43.0,54.0,9.0,9.0,0.0,0.0,0.0,0.0,0.0,0.0,ID_NORMAL_001,JOINT2_SWEEP_MEDIUM,RUN_01,50.0,0.0,NORMAL,NONE,COLD
509087.235737,45.0,-8.08,112.1,-0.0,65.21,-0.0,0.0,0.0,0.0,0.0,0.0,0.0,0.0,166.0,42.0,53.0,9.0,9.0,0.0,0.0,0.0,0.0,0.0,0.0,ID_NORMAL_001,JOINT2_SWEEP_MEDIUM,RUN_01,50.0,0.0,NORMAL,NONE,COLD
509087.28343,45.0,-8.08,112.1,-0.0,65.21,-0.0,0.0,0.0,0.0,0.0,0.0,0.0,0.0,166.0,43.0,52.0,9.0,9.0,0.0,0.0,0.0,0.0,0.0,0.0,ID_NORMAL_001,JOINT2_SWEEP_MEDIUM,RUN_01,50.0,0.0,NORMAL,NONE,COLD
509087.28343,45.0,-8.08,112.1,-0.0,65.21,-0.0,0.0,0.0,0.0,0.0,0.0,0.0,0.0,166.0,41.0,54.0,9.0,9.0,0.0,0.0,0.0,0.0,0.0,0.0,ID_NORMAL_001,JOINT2_SWEEP_MEDIUM,RUN_01,50.0,0.0,NORMAL,NONE,COLD
509087.3360003,45.0,-8.08,112.1,-0.0,65.21,-0.0,0.0,0.0,0.0,0.0,0.0,0.0,0.0,166.0,42.0,53.0,9.0,9.0,0.0,0.0,0.0,0.0,0.0,0.0,ID_NORMAL_001,JOINT2_SWEEP_MEDIUM,RUN_01,50.0,0.0,NORMAL,NONE,COLD
509087.3360003,45.0,-8.08,112.1,-0.0,65.21,-0.0,0.0,0.0,0.0,0.0,0.0,0.0,0.0,166.0,43.0,52.0,9.0,9.0,0.0,0.0,0.0,0.0,0.0,0.0,ID_NORMAL_001,JOINT2_SWEEP_MEDIUM,RUN_01,50.0,0.0,NORMAL,NONE,COLD
509087.376198,45.0,-8.08,112.1,-0.0,65.21,-0.0,0.0,0.0,0.0,0.0,0.0,0.0,0.0,166.0,43.0,51.0,10.0,9.0,0.0,0.0,0.0,0.0,0.0,0.0,ID_NORMAL_001,JOINT2_SWEEP_MEDIUM,RUN_01,50.0,0.0,NORMAL,NONE,COLD
509087.3865221,45.0,-8.08,112.1,-0.0,65.21,-0.0,0.0,0.0,0.0,0.0,0.0,0.0,0.0,166.0,43.0,51.0,9.0,9.0,0.0,0.0,0.0,0.0,0.0,0.0,ID_NORMAL_001,JOINT2_SWEEP_MEDIUM,RUN_01,50.0,0.0,NORMAL,NONE,COLD
509087.4384742,45.0,-8.08,112.1,-0.0,65.21,-0.0,0.0,0.0,0.0,0.0,0.0,0.0,0.0,166.0,42.0,53.0,9.0,9.0,0.0,0.0,0.0,0.0,0.0,0.0,ID_NORMAL_001,JOINT2_SWEEP_MEDIUM,RUN_01,50.0,0.0,NORMAL,NONE,COLD
509087.4384742,45.0,-8.08,112.1,-0.0,65.21,-0.0,0.0,0.0,0.0,0.0,0.0,0.0,0.0,166.0,43.0,53.0,9.0,9.0,0.0,0.0,0.0,0.0,0.0,0.0,ID_NORMAL_001,JOINT2_SWEEP_MEDIUM,RUN_01,50.0,0.0,NORMAL,NONE,COLD
509087.488944,45.0,-8.08,112.1,-0.0,65.21,-0.0,0.0,0.0,0.0,0.0,0.0,0.0,0.0,166.0,43.0,51.0,9.0,9.0,0.0,0.0,0.0,0.0,0.0,0.0,ID_NORMAL_001,JOINT2_SWEEP_MEDIUM,RUN_01,50.0,0.0,NORMAL,NONE,COLD
509087.5334956,45.0,-8.08,112.1,-0.0,65.21,-0.0,0.0,0.0,0.0,0.0,0.0,0.0,0.0,166.0,43.0,54.0,9.0,9.0,0.0,0.0,0.0,0.0,0.0,0.0,ID_NORMAL_001,JOINT2_SWEEP_MEDIUM,RUN_01,50.0,0.0,NORMAL,NONE,COLD
509087.5334956,45.0,-8.08,112.1,-0.0,65.21,-0.0,0.0,0.0,0.0,0.0,0.0,0.0,0.0,166.0,43.0,51.0,9.0,9.0,0.0,0.0,0.0,0.0,0.0,0.0,ID_NORMAL_001,JOINT2_SWEEP_MEDIUM,RUN_01,50.0,0.0,NORMAL,NONE,COLD
509087.5802806,45.0,-8.08,112.1,-0.0,65.21,-0.0,0.0,0.0,0.0,0.0,0.0,0.0,0.0,166.0,43.0,52.0,9.0,9.0,0.0,0.0,0.0,0.0,0.0,0.0,ID_NORMAL_001,JOINT2_SWEEP_MEDIUM,RUN_01,50.0,0.0,NORMAL,NONE,COLD
509087.5802806,45.0,-8.08,112.1,-0.0,65.21,-0.0,0.0,0.0,0.0,0.0,0.0,0.0,0.0,166.0,41.0,52.0,10.0,9.0,0.0,0.0,0.0,0.0,0.0,0.0,ID_NORMAL_001,JOINT2_SWEEP_MEDIUM,RUN_01,50.0,0.0,NORMAL,NONE,COLD
509087.5977933,45.0,-8.08,112.1,-0.0,65.21,-0.0,0.0,0.0,0.0,0.0,0.0,0.0,0.0,166.0,43.0,53.0,9.0,9.0,0.0,0.0,0.0,0.0,0.0,0.0,ID_NORMAL_001,JOINT2_SWEEP_MEDIUM,RUN_01,50.0,0.0,NORMAL,NONE,COLD
509087.6433536,45.0,-8.08,112.1,-0.0,65.21,-0.0,0.0,0.0,0.0,0.0,0.0,0.0,0.0,166.0,42.0,52.0,9.0,9.0,0.0,0.0,0.0,0.0,0.0,0.0,ID_NORMAL_001,JOINT2_SWEEP_MEDIUM,RUN_01,50.0,0.0,NORMAL,NONE,COLD
509087.6893349,45.0,-8.08,112.1,-0.0,65.21,-0.0,0.0,0.0,0.0,0.0,0.0,0.0,0.0,166.0,43.0,51.0,9.0,9.0,0.0,0.0,0.0,0.0,0.0,0.0,ID_NORMAL_001,JOINT2_SWEEP_MEDIUM,RUN_01,50.0,0.0,NORMAL,NONE,COLD
509087.6893349,45.0,-8.08,112.1,-0.0,65.21,-0.0,0.0,0.0,0.0,0.0,0.0,0.0,0.0,166.0,43.0,52.0,10.0,9.0,0.0,0.0,0.0,0.0,0.0,0.0,ID_NORMAL_001,JOINT2_SWEEP_MEDIUM,RUN_01,50.0,0.0,NORMAL,NONE,COLD
509087.7333846,45.0,-8.08,112.1,-0.0,65.21,-0.0,0.0,0.0,0.0,0.0,0.0,0.0,0.0,166.0,43.0,55.0,9.0,9.0,0.0,0.0,0.0,0.0,0.0,0.0,ID_NORMAL_001,JOINT2_SWEEP_MEDIUM,RUN_01,50.0,0.0,NORMAL,NONE,COLD
509087.7333846,45.0,-8.08,112.1,-0.0,65.21,-0.0,0.0,0.0,0.0,0.0,0.0,0.0,0.0,166.0,43.0,55.0,9.0,9.0,0.0,0.0,0.0,0.0,0.0,0.0,ID_NORMAL_001,JOINT2_SWEEP_MEDIUM,RUN_01,50.0,0.0,NORMAL,NONE,COLD
509087.782571,45.0,-8.08,112.1,-0.0,65.21,-0.0,0.0,0.0,0.0,0.0,0.0,0.0,0.0,166.0,43.0,52.0,9.0,9.0,0.0,0.0,0.0,0.0,0.0,0.0,ID_NORMAL_001,JOINT2_SWEEP_MEDIUM,RUN_01,50.0,0.0,NORMAL,NONE,COLD
509087.7880559,45.0,-8.08,112.1,-0.0,65.21,-0.0,0.0,0.0,0.0,0.0,0.0,0.0,0.0,166.0,43.0,50.0,9.0,9.0,0.0,0.0,0.0,0.0,0.0,0.0,ID_NORMAL_001,JOINT2_SWEEP_MEDIUM,RUN_01,50.0,0.0,NORMAL,NONE,COLD
509087.8292518,45.0,-8.08,112.1,-0.0,65.21,-0.0,0.0,0.0,0.0,0.0,0.0,0.0,0.0,166.0,43.0,53.0,9.0,9.0,0.0,0.0,0.0,0.0,0.0,0.0,ID_NORMAL_001,JOINT2_SWEEP_MEDIUM,RUN_01,50.0,0.0,NORMAL,NONE,COLD
509087.8777997,45.0,-8.08,112.1,-0.0,65.21,-0.0,0.0,0.0,0.0,0.0,0.0,0.0,0.0,166.0,42.0,54.0,9.0,9.0,0.0,0.0,0.0,0.0,0.0,0.0,ID_NORMAL_001,JOINT2_SWEEP_MEDIUM,RUN_01,50.0,0.0,NORMAL,NONE,COLD
509087.8777997,45.0,-8.08,112.1,-0.0,65.21,-0.0,0.0,0.0,0.0,0.0,0.0,0.0,0.0,166.0,43.0,53.0,9.0,9.0,0.0,0.0,0.0,0.0,0.0,0.0,ID_NORMAL_001,JOINT2_SWEEP_MEDIUM,RUN_01,50.0,0.0,NORMAL,NONE,COLD
509087.9245571,45.0,-8.08,112.1,-0.0,65.21,-0.0,0.0,0.0,0.0,0.0,0.0,0.0,0.0,166.0,42.0,52.0,9.0,9.0,0.0,0.0,0.0,0.0,0.0,0.0,ID_NORMAL_001,JOINT2_SWEEP_MEDIUM,RUN_01,50.0,0.0,NORMAL,NONE,COLD
509087.9763384,45.0,-8.08,112.1,-0.0,65.21,-0.0,0.0,0.0,0.0,0.0,0.0,0.0,0.0,166.0,40.0,52.0,9.0,9.0,0.0,0.0,0.0,0.0,0.0,0.0,ID_NORMAL_001,JOINT2_SWEEP_MEDIUM,RUN_01,50.0,0.0,NORMAL,NONE,COLD
509087.9763384,45.0,-8.08,112.1,-0.0,65.21,-0.0,0.0,0.0,0.0,0.0,0.0,0.0,0.0,166.0,43.0,51.0,9.0,9.0,0.0,0.0,0.0,0.0,0.0,0.0,ID_NORMAL_001,JOINT2_SWEEP_MEDIUM,RUN_01,50.0,0.0,NORMAL,NONE,COLD
509087.9892515,45.0,-8.08,112.1,-0.0,65.21,-0.0,0.0,0.0,0.0,0.0,0.0,0.0,0.0,166.0,43.0,53.0,9.0,9.0,0.0,0.0,0.0,0.0,0.0,0.0,ID_NORMAL_001,JOINT2_SWEEP_MEDIUM,RUN_01,50.0,0.0,NORMAL,NONE,COLD
509088.0394828,45.0,-8.08,112.1,-0.0,65.21,-0.0,0.0,0.0,0.0,0.0,0.0,0.0,0.0,166.0,43.0,50.0,10.0,9.0,0.0,0.0,0.0,0.0,0.0,0.0,ID_NORMAL_001,JOINT2_SWEEP_MEDIUM,RUN_01,50.0,0.0,NORMAL,NONE,COLD
509088.0394828,45.0,-8.08,112.1,-0.0,65.21,-0.0,0.0,0.0,0.0,0.0,0.0,0.0,0.0,166.0,43.0,52.0,9.0,9.0,0.0,0.0,0.0,0.0,0.0,0.0,ID_NORMAL_001,JOINT2_SWEEP_MEDIUM,RUN_01,50.0,0.0,NORMAL,NONE,COLD
509088.080335,45.0,-8.08,112.1,-0.0,65.21,-0.0,0.0,0.0,0.0,0.0,0.0,0.0,0.0,166.0,44.0,52.0,10.0,9.0,0.0,0.0,0.0,0.0,0.0,0.0,ID_NORMAL_001,JOINT2_SWEEP_MEDIUM,RUN_01,50.0,0.0,NORMAL,NONE,COLD
509088.1355947,45.0,-8.08,112.1,-0.0,65.21,-0.0,0.0,0.0,0.0,0.0,0.0,0.0,0.0,166.0,43.0,53.0,9.0,9.0,0.0,0.0,0.0,0.0,0.0,0.0,ID_NORMAL_001,JOINT2_SWEEP_MEDIUM,RUN_01,50.0,0.0,NORMAL,NONE,COLD
509088.1355947,45.0,-8.08,112.1,-0.0,65.21,-0.0,0.0,0.0,0.0,0.0,0.0,0.0,0.0,166.0,43.0,54.0,9.0,9.0,0.0,0.0,0.0,0.0,0.0,0.0,ID_NORMAL_001,JOINT2_SWEEP_MEDIUM,RUN_01,50.0,0.0,NORMAL,NONE,COLD
509088.1757157,45.0,-8.08,112.1,-0.0,65.21,-0.0,0.0,0.0,0.0,0.0,0.0,0.0,0.0,166.0,43.0,52.0,9.0,9.0,0.0,0.0,0.0,0.0,0.0,0.0,ID_NORMAL_001,JOINT2_SWEEP_MEDIUM,RUN_01,50.0,0.0,NORMAL,NONE,COLD
509088.1757157,45.0,-8.08,112.1,-0.0,65.21,-0.0,0.0,0.0,0.0,0.0,0.0,0.0,0.0,166.0,43.0,51.0,9.0,9.0,0.0,0.0,0.0,0.0,0.0,0.0,ID_NORMAL_001,JOINT2_SWEEP_MEDIUM,RUN_01,50.0,0.0,NORMAL,NONE,COLD
509088.1981319,45.0,-8.08,112.1,-0.0,65.21,-0.0,0.0,0.0,0.0,0.0,0.0,0.0,0.0,166.0,43.0,51.0,9.0,9.0,0.0,0.0,0.0,0.0,0.0,0.0,ID_NORMAL_001,JOINT2_SWEEP_MEDIUM,RUN_01,50.0,0.0,NORMAL,NONE,COLD
509088.2533224,45.0,-8.08,112.1,-0.0,65.21,-0.0,0.0,0.0,0.0,0.0,0.0,0.0,0.0,166.0,44.0,52.0,9.0,9.0,0.0,0.0,0.0,0.0,0.0,0.0,ID_NORMAL_001,JOINT2_SWEEP_MEDIUM,RUN_01,50.0,0.0,NORMAL,NONE,COLD
509088.2533224,45.0,-8.08,112.1,-0.0,65.21,-0.0,0.0,0.0,0.0,0.0,0.0,0.0,0.0,166.0,43.0,52.0,9.0,9.0,0.0,0.0,0.0,0.0,0.0,0.0,ID_NORMAL_001,JOINT2_SWEEP_MEDIUM,RUN_01,50.0,0.0,NORMAL,NONE,COLD
509088.3021689,45.0,-8.08,112.1,-0.0,65.21,-0.0,0.0,0.0,0.0,0.0,0.0,0.0,0.0,166.0,42.0,53.0,9.0,9.0,0.0,0.0,0.0,0.0,0.0,0.0,ID_NORMAL_001,JOINT2_SWEEP_MEDIUM,RUN_01,50.0,0.0,NORMAL,NONE,COLD
509088.3493892,45.0,-8.08,112.1,-0.0,65.21,-0.0,0.0,0.0,0.0,0.0,0.0,0.0,0.0,166.0,43.0,52.0,10.0,9.0,0.0,0.0,0.0,0.0,0.0,0.0,ID_NORMAL_001,JOINT2_SWEEP_MEDIUM,RUN_01,50.0,0.0,NORMAL,NONE,COLD
509088.3493892,45.0,-8.08,112.1,-0.0,65.21,-0.0,0.0,0.0,0.0,0.0,0.0,0.0,0.0,166.0,41.0,52.0,9.0,9.0,0.0,0.0,0.0,0.0,0.0,0.0,ID_NORMAL_001,JOINT2_SWEEP_MEDIUM,RUN_01,50.0,0.0,NORMAL,NONE,COLD
509088.3931435,45.0,-8.08,112.1,-0.0,65.21,-0.0,0.0,0.0,0.0,0.0,0.0,0.0,0.0,166.0,44.0,53.0,9.0,9.0,0.0,0.0,0.0,0.0,0.0,0.0,ID_NORMAL_001,JOINT2_SWEEP_MEDIUM,RUN_01,50.0,0.0,NORMAL,NONE,COLD
509088.3931435,45.0,-8.08,112.1,-0.0,65.21,-0.0,0.0,0.0,0.0,0.0,0.0,0.0,0.0,166.0,43.0,51.0,9.0,9.0,0.0,0.0,0.0,0.0,0.0,0.0,ID_NORMAL_001,JOINT2_SWEEP_MEDIUM,RUN_01,50.0,0.0,NORMAL,NONE,COLD
509088.4170733,45.0,-8.08,112.1,-0.0,65.21,-0.0,0.0,0.0,0.0,0.0,0.0,0.0,0.0,166.0,43.0,54.0,9.0,9.0,0.0,0.0,0.0,0.0,0.0,0.0,ID_NORMAL_001,JOINT2_SWEEP_MEDIUM,RUN_01,50.0,0.0,NORMAL,NONE,COLD
509088.4714427,45.0,-8.08,112.1,-0.0,65.21,-0.0,0.0,0.0,0.0,0.0,0.0,0.0,0.0,166.0,42.0,52.0,9.0,9.0,0.0,0.0,0.0,0.0,0.0,0.0,ID_NORMAL_001,JOINT2_SWEEP_MEDIUM,RUN_01,50.0,0.0,NORMAL,NONE,COLD
509088.5163549,45.0,-8.08,112.1,-0.0,65.21,-0.0,0.0,0.0,0.0,0.0,0.0,0.0,0.0,166.0,43.0,53.0,9.0,9.0,0.0,0.0,0.0,0.0,0.0,0.0,ID_NORMAL_001,JOINT2_SWEEP_MEDIUM,RUN_01,50.0,0.0,NORMAL,NONE,COLD
509088.5163549,45.0,-8.08,112.1,-0.0,65.21,-0.0,0.0,0.0,0.0,0.0,0.0,0.0,0.0,166.0,42.0,53.0,9.0,9.0,0.0,0.0,0.0,0.0,0.0,0.0,ID_NORMAL_001,JOINT2_SWEEP_MEDIUM,RUN_01,50.0,0.0,NORMAL,NONE,COLD
509088.5643302,45.0,-8.08,112.1,-0.0,65.21,-0.0,0.0,0.0,0.0,0.0,0.0,0.0,0.0,166.0,42.0,53.0,9.0,9.0,0.0,0.0,0.0,0.0,0.0,0.0,ID_NORMAL_001,JOINT2_SWEEP_MEDIUM,RUN_01,50.0,0.0,NORMAL,NONE,COLD
509088.5643302,45.0,-8.08,112.1,-0.0,65.21,-0.0,0.0,0.0,0.0,0.0,0.0,0.0,0.0,166.0,42.0,53.0,9.0,9.0,0.0,0.0,0.0,0.0,0.0,0.0,ID_NORMAL_001,JOINT2_SWEEP_MEDIUM,RUN_01,50.0,0.0,NORMAL,NONE,COLD
509088.6027034,45.0,-8.08,112.1,-0.0,65.21,-0.0,0.0,0.0,0.0,0.0,0.0,0.0,0.0,166.0,43.0,51.0,9.0,9.0,0.0,0.0,0.0,0.0,0.0,0.0,ID_NORMAL_001,JOINT2_SWEEP_MEDIUM,RUN_01,50.0,0.0,NORMAL,NONE,COLD
509088.6609121,45.0,-8.08,112.1,-0.0,65.21,-0.0,0.0,0.0,0.0,0.0,0.0,0.0,0.0,166.0,43.0,52.0,9.0,9.0,0.0,0.0,0.0,0.0,0.0,0.0,ID_NORMAL_001,JOINT2_SWEEP_MEDIUM,RUN_01,50.0,0.0,NORMAL,NONE,COLD
509088.6609121,45.0,-8.08,112.1,-0.0,65.21,-0.0,0.0,0.0,0.0,0.0,0.0,0.0,0.0,166.0,42.0,53.0,9.0,9.0,0.0,0.0,0.0,0.0,0.0,0.0,ID_NORMAL_001,JOINT2_SWEEP_MEDIUM,RUN_01,50.0,0.0,NORMAL,NONE,COLD
509088.7041769,45.0,-8.08,112.1,-0.0,65.21,-0.0,0.0,0.0,0.0,0.0,0.0,0.0,0.0,166.0,43.0,51.0,9.0,9.0,0.0,0.0,0.0,0.0,0.0,0.0,ID_NORMAL_001,JOINT2_SWEEP_MEDIUM,RUN_01,50.0,0.0,NORMAL,NONE,COLD
509088.7041769,45.0,-8.08,112.1,-0.0,65.21,-0.0,0.0,0.0,0.0,0.0,0.0,0.0,0.0,166.0,43.0,53.0,9.0,9.0,0.0,0.0,0.0,0.0,0.0,0.0,ID_NORMAL_001,JOINT2_SWEEP_MEDIUM,RUN_01,50.0,0.0,NORMAL,NONE,COLD
509088.7522214,45.0,-8.08,112.1,-0.0,65.21,-0.0,0.0,0.0,0.0,0.0,0.0,0.0,0.0,166.0,42.0,52.0,9.0,9.0,0.0,0.0,0.0,0.0,0.0,0.0,ID_NORMAL_001,JOINT2_SWEEP_MEDIUM,RUN_01,50.0,0.0,NORMAL,NONE,COLD
509088.7522214,45.0,-8.08,112.1,-0.0,65.21,-0.0,0.0,0.0,0.0,0.0,0.0,0.0,0.0,166.0,43.0,52.0,9.0,9.0,0.0,0.0,0.0,0.0,0.0,0.0,ID_NORMAL_001,JOINT2_SWEEP_MEDIUM,RUN_01,50.0,0.0,NORMAL,NONE,COLD
509088.7987516,45.0,-8.08,112.1,-0.0,65.21,-0.0,0.0,0.0,0.0,0.0,0.0,0.0,0.0,166.0,44.0,52.0,9.0,9.0,0.0,0.0,0.0,0.0,0.0,0.0,ID_NORMAL_001,JOINT2_SWEEP_MEDIUM,RUN_01,50.0,0.0,NORMAL,NONE,COLD
509088.8036012,45.0,-8.08,112.1,-0.0,65.21,-0.0,0.0,0.0,0.0,0.0,0.0,0.0,0.0,166.0,43.0,52.0,10.0,9.0,0.0,0.0,0.0,0.0,0.0,0.0,ID_NORMAL_001,JOINT2_SWEEP_MEDIUM,RUN_01,50.0,0.0,NORMAL,NONE,COLD
509088.8446149,45.0,-8.08,112.1,-0.0,65.21,-0.0,0.0,0.0,0.0,0.0,0.0,0.0,0.0,166.0,43.0,54.0,9.0,9.0,0.0,0.0,0.0,0.0,0.0,0.0,ID_NORMAL_001,JOINT2_SWEEP_MEDIUM,RUN_01,50.0,0.0,NORMAL,NONE,COLD
509088.8983758,45.0,-8.08,112.1,-0.0,65.21,-0.0,0.0,0.0,0.0,0.0,0.0,0.0,0.0,166.0,42.0,51.0,9.0,9.0,0.0,0.0,0.0,0.0,0.0,0.0,ID_NORMAL_001,JOINT2_SWEEP_MEDIUM,RUN_01,50.0,0.0,NORMAL,NONE,COLD
509088.8983758,45.0,-8.08,112.1,-0.0,65.21,-0.0,0.0,0.0,0.0,0.0,0.0,0.0,0.0,166.0,43.0,52.0,9.0,9.0,0.0,0.0,0.0,0.0,0.0,0.0,ID_NORMAL_001,JOINT2_SWEEP_MEDIUM,RUN_01,50.0,0.0,NORMAL,NONE,COLD
509088.9371774,45.0,-8.08,112.1,-0.0,65.21,-0.0,0.0,0.0,0.0,0.0,0.0,0.0,0.0,166.0,43.0,53.0,9.0,9.0,0.0,0.0,0.0,0.0,0.0,0.0,ID_NORMAL_001,JOINT2_SWEEP_MEDIUM,RUN_01,50.0,0.0,NORMAL,NONE,COLD
509088.9371774,45.0,-8.08,112.1,-0.0,65.21,-0.0,0.0,0.0,0.0,0.0,0.0,0.0,0.0,166.0,41.0,53.0,9.0,9.0,0.0,0.0,0.0,0.0,0.0,0.0,ID_NORMAL_001,JOINT2_SWEEP_MEDIUM,RUN_01,50.0,0.0,NORMAL,NONE,COLD
509088.9887014,45.0,-8.08,112.1,-0.0,65.21,-0.0,0.0,0.0,0.0,0.0,0.0,0.0,0.0,166.0,42.0,52.0,9.0,9.0,0.0,0.0,0.0,0.0,0.0,0.0,ID_NORMAL_001,JOINT2_SWEEP_MEDIUM,RUN_01,50.0,0.0,NORMAL,NONE,COLD
509089.0049818,45.0,-8.08,112.1,-0.0,65.21,-0.0,0.0,0.0,0.0,0.0,0.0,0.0,0.0,166.0,42.0,53.0,9.0,9.0,0.0,0.0,0.0,0.0,0.0,0.0,ID_NORMAL_001,JOINT2_SWEEP_MEDIUM,RUN_01,50.0,0.0,NORMAL,NONE,COLD
509089.0458971,45.0,-8.08,112.1,-0.0,65.21,-0.0,0.0,0.0,0.0,0.0,0.0,0.0,0.0,166.0,43.0,54.0,9.0,9.0,0.0,0.0,0.0,0.0,0.0,0.0,ID_NORMAL_001,JOINT2_SWEEP_MEDIUM,RUN_01,50.0,0.0,NORMAL,NONE,COLD
509089.0458971,45.0,-8.08,112.1,-0.0,65.21,-0.0,0.0,0.0,0.0,0.0,0.0,0.0,0.0,166.0,43.0,52.0,9.0,9.0,0.0,0.0,0.0,0.0,0.0,0.0,ID_NORMAL_001,JOINT2_SWEEP_MEDIUM,RUN_01,50.0,0.0,NORMAL,NONE,COLD
